Common Name,Grouping,Other Search Terms,Family,Kingdom,Phylum,Class,Sub-Class,Order,Group Abbre,Common Abbre,LENGTH,LENGTH,Date of Addition,Rank
Yellow Acorn Worm,Acorn Worms,Worms,Ptychoderidae,Animalia,Hemichordata,Enteropneusta,,,ACORWOR,YELLACO,7,7,Pre-2025,311
,Acorn Worms,Worms,,,,,,,ACORWOR,,,,,
Potter's Angelfish,Angelfishes,Fish,Pomacanthidae,Animalia,Chordata,,,,ANGELFI,POTANGL,7,7,Post-2025,
,Angelfishes,Fish,Pomacanthidae,Animalia,Chordata,,,,ANGELFI,,0,7,Pre-2025,7
Amphitrite's Rock Barnacle,Barnacles,Crustaceans,Balanidae,Animalia,Arthropoda,Cirripedia,,,BARNACL,AMPHROC,7,7,Pre-2025,508
Goose Barnacle,Barnacles,Crustaceans,Lepadidae,Animalia,Arthropoda,Cirripedia,,,BARNACL,GOOSBAR,7,7,Pre-2025,514
Hembel's Rock Barnacle,Barnacles,Crustaceans,Chthamalidae,Animalia,Arthropoda,Cirripedia,,,BARNACL,HEMBROC,7,7,Pre-2025,513
Parasitic Lobster Barnacle,Barnacles,Crustaceans,Heteralepadidae,Animalia,Arthropoda,Cirripedia,,,BARNACL,PARALOB,7,7,Pre-2025,515
Proteus' Rock Barnacle,Barnacles,Crustaceans,Chthamalidae,Animalia,Arthropoda,Cirripedia,,,BARNACL,PROTROC,7,7,Pre-2025,511
Purple Rock Barnacles,Barnacles,Crustaceans,Chthamalidae,Animalia,Arthropoda,Cirripedia,,,BARNACL,PURPROC,7,7,Pre-2025,512
Trigonate Barnacle,Barnacles,Crustaceans,Balanidae,Animalia,Arthropoda,Cirripedia,,,BARNACL,TRIGBAR,7,7,Pre-2025,509
Turtle Barnacle,Barnacles,Crustaceans,Chelonibiidae,Animalia,Arthropoda,Cirripedia,,,BARNACL,TURTBAR,7,7,Pre-2025,510
,Barnacles,Crustaceans,,Animalia,Arthropoda,Cirripedia,,,BARNACL,,,,Post-2025,
Great Barracuda,Barracudas,Fish,Sphyraenidae,Animalia,Chordata,,,,BARRACU,GRETBAR,7,7,Post-2025,
,Barracudas,Fish,Sphyraenidae,Animalia,Chordata,,,,BARRACU,,0,7,Pre-2025,8
Common Bigeye,Bigeyes,Fish,Priacanthidae,Animalia,Chordata,,,,BIGEYFI,BMBGEYE,7,7,Post-2025,
Hawaiian Bigeye,Bigeyes,Fish,Priacanthidae,Animalia,Chordata,,,,BIGEYFI,HWBGEYE,7,7,Post-2025,
,Bigeyes,Fish,Priacanthidae,Animalia,Chordata,,,,BIGEYFI,,0,7,Pre-2025,9
Baggy Pen Shell,Bivalves,Molluscs Shells Mollusks,Pinnidae,Animalia,Mollusca,Bivalvia,,,BIVALVE,BAGGPEN,7,7,Pre-2025,486
Black Purse Shell,Bivalves,Molluscs Shells Mollusks,Isognomonidae,Animalia,Mollusca,Bivalvia,,,BIVALVE,BLACPUR,7,7,Pre-2025,489
Black-Lipped Pearl Oyster,Bivalves,Molluscs Shells Mollusks,Pteriidae,Animalia,Mollusca,Bivalvia,,,BIVALVE,BLACLIP,7,7,Pre-2025,487
Brown Purse Shell,Bivalves,Molluscs Shells Mollusks,Isognomonidae,Animalia,Mollusca,Bivalvia,,,BIVALVE,BROWPUR,7,7,Pre-2025,490
Cliff Oyster,Bivalves,Molluscs Shells Mollusks,Ostreidae,Animalia,Mollusca,Bivalvia,,,BIVALVE,CLIFOYS,7,7,Pre-2025,494
Fragile File Shell,Bivalves,Molluscs Shells Mollusks,Pectinidae and Limidae,Animalia,Mollusca,Bivalvia,,,BIVALVE,FRAGFIL,7,7,Pre-2025,492
Hawaiian Cockle,Bivalves,Molluscs Shells Mollusks,Cardiidae and Tellinidae,Animalia,Mollusca,Bivalvia,,,BIVALVE,HAWACOC,7,7,Pre-2025,497
Hawaiian Mussel,Bivalves,Molluscs Shells Mollusks,Mytilidae,Animalia,Mollusca,Bivalvia,,,BIVALVE,HAWAMUS,7,7,Pre-2025,484
Hawaiian Oyster,Bivalves,Molluscs Shells Mollusks,Ostreidae,Animalia,Mollusca,Bivalvia,,,BIVALVE,HAWAOYS,7,7,Pre-2025,496
Japanese Oyster,Bivalves,Molluscs Shells Mollusks,Ostreidae,Animalia,Mollusca,Bivalvia,,,BIVALVE,JAPAOYS,7,7,Pre-2025,495
Judd's Scallop,Bivalves,Molluscs Shells Mollusks,Pectinidae and Limidae,Animalia,Mollusca,Bivalvia,,,BIVALVE,JUDDSCA,7,7,Pre-2025,491
Prickly Pen Shell,Bivalves,Molluscs Shells Mollusks,Pinnidae,Animalia,Mollusca,Bivalvia,,,BIVALVE,PRICPEN,7,7,Pre-2025,485
Rasp Tellin,Bivalves,Molluscs Shells Mollusks,Cardiidae and Tellinidae,Animalia,Mollusca,Bivalvia,,,BIVALVE,RASPTEL,7,7,Pre-2025,498
Spiny Oyster,Bivalves,Molluscs Shells Mollusks,Spondylidae,Animalia,Mollusca,Bivalvia,,,BIVALVE,SPINOYS,7,7,Pre-2025,493
Ventricose Ark Shell,Bivalves,Molluscs Shells Mollusks,Arcidae,Animalia,Mollusca,Bivalvia,,,BIVALVE,VENTARK,7,7,Pre-2025,483
Winged Pearl Oyster,Bivalves,Molluscs Shells Mollusks,Pteriidae,Animalia,Mollusca,Bivalvia,,,BIVALVE,WINGPEA,7,7,Pre-2025,488
,Bivalves,Molluscs Shells Mollusks,,,,,,,BIVALVE,,,,Post-2025,
Feathery Black Coral,Black Corals,Cnidarians,Antipathidae,Animalia,Cnidaria,Anthozoa,Hexacorallia,Antipatharia,BLACCOR,FEATBLA,7,7,Pre-2025,274
Hawaiian Black Coral,Black Corals,Cnidarians,Antipathidae,Animalia,Cnidaria,Anthozoa,Hexacorallia,Antipatharia,BLACCOR,HAWABLA,7,7,Pre-2025,273
,Black Corals,Cnidarians,,,,,,,BLACCOR,,0,7,Post-2025,
Bullethead Blenny,Blennies,Fish,Blenniidae,Animalia,Chordata,,,,BLENNIE,BULETBL,7,7,Pre-2025,10
Ewa Fang Blenny,Blennies,Fish,Blenniidae,Animalia,Chordata,,,,BLENNIE,EWFANBL,7,7,Pre-2025,11
Gargantuan Blenny,Blennies,Fish,Blenniidae,Animalia,Chordata,,,,BLENNIE,GARGABL,7,7,Pre-2025,12
Gosline's Fang Blenny,Blennies,Fish,Blenniidae,Animalia,Chordata,,,,BLENNIE,GOSFGBL,7,7,Pre-2025,13
Scarface Blenny,Blennies,Fish,Blenniidae,Animalia,Chordata,,,,BLENNIE,SCARFBL,7,7,Pre-2025,14
Spotted Coral Blenny,Blennies,Fish,Blenniidae,Animalia,Chordata,,,,BLENNIE,SPTCRBL,7,7,Pre-2025,15
Zebra Blenny,Blennies,Fish,Blenniidae,Animalia,Chordata,,,,BLENNIE,ZEBRABL,7,7,Post-2025,
,Blennies,Fish,Blenniidae,Animalia,Chordata,,,,BLENNIE,,0,7,Pre-2025,9
Bonefish,Bonefishes,Fish,"Albulidae, Megalopidae",Animalia,Chordata,,,,BONLADY,BONEFSH,7,7,Post-2025,
,Bonefishes,Fish,"Albulidae, Megalopidae",Animalia,Chordata,,,,BONLADY,,0,7,Pre-2025,16
Spotted Boxfish,Boxfishes,Fish,Ostraciidae,Animalia,Chordata,,,,BOXFISH,SPTTBOX,7,7,Pre-2025,17
,Boxfishes,Fish,Ostraciidae,Animalia,Chordata,,,,BOXFISH,,0,7,Post-2025,
Christmas-Tree Worm,Bristle Worms,Worms,Serpulidae,Animalia,Annelida,Polychaeta,,,BRISWOR,CHRITRE,7,7,Pre-2025,307
Feather Duster Worm,Bristle Worms,Worms,Sabellidae,Animalia,Annelida,Polychaeta,,,BRISWOR,FEATDUS,7,7,Pre-2025,306
Iridescent Fireworm,Bristle Worms,Worms,Amphinomidae,Animalia,Annelida,Polychaeta,,,BRISWOR,IRIDFIR,7,7,Pre-2025,304
Lined Fireworm,Bristle Worms,Worms,Amphinomidae,Animalia,Annelida,Polychaeta,,,BRISWOR,LINEFIR,7,7,Pre-2025,303
Palolo Worm,Bristle Worms,Worms,Eunicidae,Animalia,Annelida,Polychaeta,,,BRISWOR,PALOWOR,7,7,Pre-2025,305
Sea Frost ,Bristle Worms,Worms,Serpulidae,Animalia,Annelida,Polychaeta,,,BRISWOR,SEAFROX,7,7,Pre-2025,308
Spaghetti Worm,Bristle Worms,Worms Medusa Spaghetti,Terebellidae,Animalia,Annelida,Polychaeta,,,BRISWOR,SPAGWOR,7,7,Pre-2025,309
Spiny Scale Worm,Bristle Worms,Worms,Polynoidae,Animalia,Annelida,Polychaeta,,,BRISWOR,SPINSCA,7,7,Pre-2025,310
,Bristle Worms,Worms,,,Annelida,Polychaeta,,,BRISWOR,,,,,
,Brittle Stars,Echinoderms,,,,,,,BRITSTA,,,,Post-2025,
Blue Fan Bryozoan,Bryozoans ,,,Animalia,Bryozoa ,,,,BRYZOAN,BLUEFAN,7,7,Pre-2025,313
Chex Bryozoan,Bryozoans ,,,Animalia,Bryozoa ,,,,BRYZOAN,CHEXBRY,7,7,Pre-2025,318
Curly Bryozoan,Bryozoans ,,,Animalia,Bryozoa ,,,,BRYZOAN,CURLBRY,7,7,Pre-2025,314
Erratic Bryozoan,Bryozoans ,,,Animalia,Bryozoa ,,,,BRYZOAN,ERRABRY,7,7,Pre-2025,316
Lace Bryozoan,Bryozoans ,,,Animalia,Bryozoa ,,,,BRYZOAN,LACEBRY,7,7,Pre-2025,317
Tuning Fork Bryozoan,Bryozoans ,,,Animalia,Bryozoa ,,,,BRYZOAN,TUNIFOR,7,7,Pre-2025,319
Violet Encrusting Bryozoan,Bryozoans ,,,Animalia,Bryozoa ,,,,BRYZOAN,VIOLENC,7,7,Pre-2025,320
White Bushy Bryozoan,Bryozoans ,,,Animalia,Bryozoa ,,,,BRYZOAN,WHITBUS,7,7,Pre-2025,312
Yellow Crust Bryozoan,Bryozoans ,,,Animalia,Bryozoa ,,,,BRYZOAN,YELLCRU,7,7,Pre-2025,315
,Bryozoans ,,,,,,,,BRYZOAN,,,,Post-2025,
Big Longnose Butterflyfish,Butterflyfishes,Fish,Chaetodontidae,Animalia,Chordata,,,,BTRFLFI,BGNSEBF,7,7,Pre-2025,18
Blacklip Butterflyfish,Butterflyfishes,Fish,Chaetodontidae,Animalia,Chordata,,,,BTRFLFI,BLKLPBF,7,7,Pre-2025,19
Bluestripe Butterflyfish,Butterflyfishes,Fish,Chaetodontidae,Animalia,Chordata,,,,BTRFLFI,BLUSTBF,7,7,Pre-2025,20
Chevron Butterflyfish,Butterflyfishes,Fish,Chaetodontidae,Animalia,Chordata,,,,BTRFLFI,CHEVRBF,7,7,Pre-2025,21
Common Longnose Butterflyfish,Butterflyfishes,Fish,Chaetodontidae,Animalia,Chordata,,,,BTRFLFI,LNGNSBF,7,7,Pre-2025,22
Fourspot Butterflyfish,Butterflyfishes,Fish,Chaetodontidae,Animalia,Chordata,,,,BTRFLFI,FOSPTBF,7,7,Pre-2025,23
Lemon Butterflyfish,Butterflyfishes,Fish,Chaetodontidae,Animalia,Chordata,,,,BTRFLFI,LEMONBF,7,7,Pre-2025,723
Lined Butterflyfish,Butterflyfishes,Fish,Chaetodontidae,Animalia,Chordata,,,,BTRFLFI,LINEDBF,7,7,Pre-2025,24
Milletseed Butterflyfish,Butterflyfishes,Fish,Chaetodontidae,Animalia,Chordata,,,,BTRFLFI,MILETBF,7,7,Pre-2025,25
Multiband Butterflyfish,Butterflyfishes,Fish,Chaetodontidae,Animalia,Chordata,,,,BTRFLFI,MULTIBF,7,7,Pre-2025,26
Ornate Butterflyfish,Butterflyfishes,Fish,Chaetodontidae,Animalia,Chordata,,,,BTRFLFI,ORNATBF,7,7,Pre-2025,27
Oval Butterflyfish,Butterflyfishes,Fish,Chaetodontidae,Animalia,Chordata,,,,BTRFLFI,OVALLBF,7,7,Pre-2025,28
Pennant Butterflyfish,Butterflyfishes,Fish,Chaetodontidae,Animalia,Chordata,,,,BTRFLFI,PENNTBF,7,7,Pre-2025,29
Pyramid Butterflyfish,Butterflyfishes,Fish,Chaetodontidae,Animalia,Chordata,,,,BTRFLFI,PYRIDBF,7,7,Pre-2025,30
Raccoon Butterflyfish,Butterflyfishes,Fish,Chaetodontidae,Animalia,Chordata,,,,BTRFLFI,RACONBF,7,7,Pre-2025,31
Reticulated Butterflyfish,Butterflyfishes,Fish,Chaetodontidae,Animalia,Chordata,,,,BTRFLFI,RETICBF,7,7,Pre-2025,32
Saddleback Butterflyfish,Butterflyfishes,Fish,Chaetodontidae,Animalia,Chordata,,,,BTRFLFI,SADLEBF,7,7,Pre-2025,33
Speckled Butterflyfish,Butterflyfishes,Fish,Chaetodontidae,Animalia,Chordata,,,,BTRFLFI,SPECKBF,7,7,Pre-2025,34
Teardrop Butterflyfish,Butterflyfishes,Fish,Chaetodontidae,Animalia,Chordata,,,,BTRFLFI,TEARDBF,7,7,Pre-2025,35
Thompson's Butterflyfish,Butterflyfishes,Fish,Chaetodontidae,Animalia,Chordata,,,,BTRFLFI,THOMPBF,7,7,Pre-2025,36
Threadfin Butterflyfish,Butterflyfishes,Fish,Chaetodontidae,Animalia,Chordata,,,,BTRFLFI,TREADBF,7,7,Pre-2025,37
Tinker's Butterflyfish,Butterflyfishes,Fish,Chaetodontidae,Animalia,Chordata,,,,BTRFLFI,TINKRBF,7,7,Pre-2025,38
,Butterflyfishes,Fish,Chaetodontidae,Animalia,Chordata,,,,BTRFLFI,,0,7,Post-2025,
,Cardinalfishes,Fish,Apogonidae,Animalia,Chordata,,,,CARDINL,,0,7,Pre-2025,39
Flat Chiton,Chitons,Molluscs Shells Mollusks,Ischnochitonidae,Animalia,Mollusca,Polyplacophora,,,CHITONS,FLATCHI,7,7,Pre-2025,322
Green Chiton,Chitons,Molluscs Shells Mollusks,Acanthochitona,Animalia,Mollusca,Polyplacophora,,,ACANTHA,GRENCHT,7,7,Pre-2025,321
,Chitons,Molluscs Shells Mollusks,,,,,,,CHITONS,,,,Post-2025,
Gray Chub,Chubs,Fish,Kyphosidae,Animalia,Chordata,,,,CHUBFIS,GRYCHUB,7,7,Post-2025,
Highfin Chub,Chubs,Fish,Kyphosidae,Animalia,Chordata,,,,CHUBFIS,HGHCHUB,7,7,Post-2025,
Lowfin Chub,Chubs,Fish,Kyphosidae,Animalia,Chordata,,,,CHUBFIS,LOWCHUB,7,7,Post-2025,
,Chubs,Fish,Kyphosidae,Animalia,Chordata,,,,CHUBFIS,,0,7,Pre-2025,40
Bluespotted Cornetfish,Cornetfishes,,,Animalia,Chordata,,,,CORNETF,BLUESPT,7,7,Pre-2025,185
Cornetfish,Cornetfishes,Fish,,,,,,,CORNETF,CORNETF,7,7,Post-2025,
,Cornetfishes,Fish,"Aulostomidae, Fistulariidae",Animalia,Chordata,,,,CORNETF,,0,7,Post-2025,
,Cusk Eels,Fish,Ophidiidae,Animalia,Chordata,,,,CUSKEEL,,0,7,Pre-2025,43
Blackfin Chromis,Damselfishes,Fish,Pomacentridae,Animalia,Chordata,,,,DAMSLFI,BLACKCH,7,7,Pre-2025,44
Blackspot Sergeant,Damselfishes,Fish,Pomacentridae,Animalia,Chordata,,,,DAMSLFI,BLACKSR,7,7,Pre-2025,45
Blue-eye Damselfish,Damselfishes,Fish,Pomacentridae,Animalia,Chordata,,,,DAMSLFI,BLUEEYE,7,7,Pre-2025,46
Bright-eye Damselfish,Damselfishes,Fish,Pomacentridae,Animalia,Chordata,,,,DAMSLFI,BRIGHTI,7,7,Pre-2025,47
Chocolate Dip Chromis,Damselfishes,Fish,Pomacentridae,Animalia,Chordata,,,,DAMSLFI,CHOCOCH,7,7,Pre-2025,48
Hawaiian Dascyllus,Damselfishes,Fish Hawaiian Domino Damselfish,,Animalia,Chordata,,,,DAMSLFI,HADASCY,7,7,Pre-2025,49
Hawaiian Gregory,Damselfishes,Fish,Pomacentridae,Animalia,Chordata,,,,DAMSLFI,GREGORY,7,7,Pre-2025,50
Hawaiian Sergeant,Damselfishes,Fish,Pomacentridae,Animalia,Chordata,,,,DAMSLFI,HAWAISR,7,7,Pre-2025,51
Hybrid Sergeant,Damselfishes,Fish,Pomacentridae,Animalia,Chordata,,,,DAMSLFI,HYBRISR,7,7,Pre-2025,52
Indo-Pacific Sergeant,Damselfishes,Fish,Pomacentridae,Animalia,Chordata,,,,DAMSLFI,INPACSR,7,7,Pre-2025,53
Pacific Gregory,Damselfishes,Fish Yellow-Eye Damselfish,,Animalia,Chordata,,,,DAMSLFI,PACGREG,7,7,Post-2025,
,Damselfishes,Fish,Pomacentridae,Animalia,Chordata,,,,DAMSLFI,,0,7,Post-2025,
,Dartfishes and Wormfishes,Fish,"Ptereleotridae, Microdesmidae",Animalia,Chordata,,,,DARTWRM,,0,7,Pre-2025,54
Barred Moray,Eels,Fish Morays,"Muraenidae, Congridae, Ophichthidae",Animalia,Chordata,,,,EELSFIS,BARRDMO,7,7,Pre-2025,68
Mustache Conger,Eels,Fish,"Muraenidae, Congridae, Ophichthidae",Animalia,Chordata,,,,EELSFIS,MUSTCON,7,7,Post-2025,
Peppered Moray,Eels,Fish Morays,"Muraenidae, Congridae, Ophichthidae",Animalia,Chordata,,,,EELSFIS,PEPPEMO,7,7,Pre-2025,69
Snowflake Moray,Eels,Fish Morays,"Muraenidae, Congridae, Ophichthidae",Animalia,Chordata,,,,EELSFIS,SNWFLMO,7,7,Pre-2025,70
Stout Moray,Eels,Fish Morays,"Muraenidae, Congridae, Ophichthidae",Animalia,Chordata,,,,EELSFIS,STOUTMO,7,7,Pre-2025,71
Undulated Moray,Eels,Fish Morays,"Muraenidae, Congridae, Ophichthidae",Animalia,Chordata,,,,EELSFIS,UNDULMO,7,7,Pre-2025,72
Whitemouth Moray,Eels,Fish Morays,"Muraenidae, Congridae, Ophichthidae",Animalia,Chordata,,,,EELSFIS,WHTMOMO,7,7,Pre-2025,73
Yellowmargin Moray,Eels,Fish Morays,"Muraenidae, Congridae, Ophichthidae",Animalia,Chordata,,,,EELSFIS,YELOWMO,7,7,Pre-2025,74
Zebra Moray,Eels,Fish Morays,"Muraenidae, Congridae, Ophichthidae",Animalia,Chordata,,,,EELSFIS,ZEBRAMO,7,7,Pre-2025,75
,Eels,Fish,"Muraenidae, Congridae, Ophichthidae",Animalia,Chordata,,,,EELSSSS,,0,7,Post-2025,
Bigeye Emperor,Emperors,Fish,"Lutjanidae, Lethrinidae",Animalia,Chordata,,,,SNAPPER,BIGISNP,7,7,Pre-2025,158
,Emperors,Fish,"Lutjanidae, Lethrinidae",Animalia,Chordata,,,,FILEFSH,,0,7,Post-2025,
Barred Filefish,Filefishes,Fish,Monacanthidae,Animalia,Chordata,,,,FILEFSH,BARRDFF,7,7,Pre-2025,79
Hawaiian Fantail Filefish,Filefishes,Fish,Monacanthidae,Animalia,Chordata,,,,FILEFSH,HAWAIFF,7,7,Pre-2025,80
Scrawled Filefish,Filefishes,Fish Scribbled Filefish,,Animalia,Chordata,,,,FILEFSH,SCRAWFF,7,7,Pre-2025,81
,Filefishes,Fish,Monacanthidae,Animalia,Chordata,,,,FILEFSH,,0,7,Post-2025,
Hawaiian Flagtail,Flagtails,Fish,Kuhliidae,Animalia,Chordata,,,,FLGTAIL,HWFLGTL,7,7,Post-2025,
,Flagtails,Fish,Kuhliidae,Animalia,Chordata,,,,FLGTAIL,,0,7,Pre-2025,82
Flowery Flounder,Flatfishes,Fish,"Bothidae, Soleidae",Animalia,Chordata,,,,FLATFSH,FLOWRFL,7,7,Post-2025,
Panther Flounder,Flatfishes,Fish,"Bothidae, Soleidae",Animalia,Chordata,,,,FLATFSH,PANTHFL,7,7,Pre-2025,83
Peacock Flounder,Flatfishes,Fish Flowery Flounder,"Bothidae, Soleidae",Animalia,Chordata,,,,FLATFSH,PEACKFL,7,7,Pre-2025,84
,Flatfishes,Fish,"Bothidae, Soleidae",Animalia,Chordata,,,,FLATFSH,,0,7,Post-2025,
Banded Ribbon Worm,Flatworms,,,Animalia,Nemeritina,Anopla,,,FLATWOR,BANDRIB,7,7,Pre-2025,302
Brilliant Flatworm,Flatworms,,,Animalia,Platyhelminthes,,,,FLATWOR,BRILFLA,7,7,Pre-2025,294
False Gold Rim Flatworm,Flatworms,,,Animalia,Platyhelminthes,,,,FLATWOR,FALSGOL,7,7,Pre-2025,286
Few-Eyed Flatworm,Flatworms,,,Animalia,Platyhelminthes,,,,FLATWOR,FEWEYEX,7,7,Pre-2025,277
Finely-Dotted Flatworm,Flatworms,,,Animalia,Platyhelminthes,,,,FLATWOR,FINEDOT,7,7,Pre-2025,289
Fleshy Flatworm,Flatworms,,,Animalia,Platyhelminthes,,,,FLATWOR,FLESFLA,7,7,Pre-2025,280
Fuchsia Flatworm,Flatworms,,,Animalia,Platyhelminthes,,,,FLATWOR,FUCHFLA,7,7,Pre-2025,283
Gold Rim Flatworm,Flatworms,,,Animalia,Platyhelminthes,,,,FLATWOR,GOLDRIM,7,7,Pre-2025,285
Gold-Spotted Flatworm,Flatworms,,,Animalia,Platyhelminthes,,,,FLATWOR,GOLDSPO,7,7,Pre-2025,296
Hawaiian Glorious Flatworm,Flatworms,,,Animalia,Platyhelminthes,,,,FLATWOR,HAWAGLO,7,7,Pre-2025,290
Hawaiian Knobby Flatworm,Flatworms,,,Animalia,Platyhelminthes,,,,FLATWOR,HAWAKNO,7,7,Pre-2025,279
Hawaiian Spotted Flatworm,Flatworms,,,Animalia,Platyhelminthes,,,,FLATWOR,HAWASPO,7,7,Pre-2025,293
Hawaiian Velvety Flatworm,Flatworms,,,Animalia,Platyhelminthes,,,,FLATWOR,HAWAVEL,7,7,Pre-2025,297
Hyman's Flatworm,Flatworms,,,Animalia,Platyhelminthes,,,,FLATWOR,HYMAFLA,7,7,Pre-2025,291
Jebb's Flatworm,Flatworms,,,Animalia,Platyhelminthes,,,,FLATWOR,JEBBFLA,7,7,Pre-2025,284
Kato's Flatworm,Flatworms,,,Animalia,Platyhelminthes,,,,FLATWOR,KATOFLA,7,7,Pre-2025,298
Orange Rim Flatworm,Flatworms,,,Animalia,Platyhelminthes,,,,FLATWOR,ORANRIM,7,7,Pre-2025,292
Orange-Brown Flatworm,Flatworms,,,Animalia,Platyhelminthes,,,,FLATWOR,ORANBRO,7,7,Pre-2025,299
Pleasing Flatworm,Flatworms,,,Animalia,Platyhelminthes,,,,FLATWOR,PLEAFLA,7,7,Pre-2025,287
Purse Shell Flatworm,Flatworms,,,Animalia,Platyhelminthes,,,,FLATWOR,PURSSHE,7,7,Pre-2025,278
Reticulated Flatworm,Flatworms,,,Animalia,Platyhelminthes,,,,FLATWOR,RETIFLA,7,7,Pre-2025,295
Scarred Flatworm,Flatworms,,,Animalia,Platyhelminthes,,,,FLATWOR,SCARFLA,7,7,Pre-2025,281
Stella's Flatworm,Flatworms,,,Animalia,Platyhelminthes,,,,FLATWOR,STELFLA,7,7,Pre-2025,300
Three-Lined Flatworm,Flatworms,,,Animalia,Platyhelminthes,,,,FLATWOR,THRELIN,7,7,Pre-2025,301
Tiger Flatworm,Flatworms,,,Animalia,Platyhelminthes,,,,FLATWOR,TIGEFLA,7,7,Pre-2025,282
White Stripe Flatworm,Flatworms,,,Animalia,Platyhelminthes,,,,FLATWOR,WHITSTR,7,7,Pre-2025,288
,Flatworms,,,,,,,,FLATWOR,,0,7,Post-2025,
,Frogfishes,Fish,Antennariidae,Animalia,Chordata,,,,FROGFSH,,0,7,Pre-2025,85
Borradaile's Ghost Shrimp,Ghost Shrimps,Crustaceans,Callianassidae,Animalia,Arthropoda,Malacostraca,,Decapoda,GHOSSHR,BORRGHO,7,7,Pre-2025,578
Serrated Axiid Shrimp,Ghost Shrimps,Crustaceans,Axiidae,Animalia,Arthropoda,Malacostraca,,Decapoda,GHOSSHR,SERRAXI,7,7,Pre-2025,579
,Ghost Shrimps,Crustaceans,,,,,,,GHOSSHR,,0,7,Pre-2025,85
Bandtail Goatfish,Goatfishes,Fish Nightmare Weke ,Mullidae,Animalia,Chordata,,,,GOATFIS,BANDTGT,7,7,Post-2025,87
Blue Goatfish,Goatfishes,Fish,Mullidae,Animalia,Chordata,,,,GOATFIS,BLUEGOT,7,7,Pre-2025,88
Island Goatfish,Goatfishes,Fish Doublebar Goatfish,,Animalia,Chordata,,,,GOATFIS,DOUBLGT,7,7,Pre-2025,89
Manybar Goatfish,Goatfishes,Fish,Mullidae,Animalia,Chordata,,,,GOATFIS,MANYBGT,7,7,Pre-2025,90
Pfluger's Goatfish,Goatfishes,Fish Orange Goatfish,Mullidae,Animalia,Chordata,,,,GOATFIS,PFLUGGT,7,7,Pre-2025,91
Sidespot Goatfish,Goatfishes,Fish,Mullidae,Animalia,Chordata,,,,GOATFIS,SISPTGT,7,7,Pre-2025,92
Square-Spot Goatfish,Goatfishes,Fish White Goatfish Yellowstripe Goatfish,,Animalia,Chordata,,,,GOATFIS,SQUARGT,7,7,Pre-2025,93
Whitesaddle Goatfish,Goatfishes,Fish,Mullidae,Animalia,Chordata,,,,GOATFIS,WHITEGT,7,7,Pre-2025,94
Yellowfin Goatfish,Goatfishes,Fish,Mullidae,Animalia,Chordata,,,,GOATFIS,YELLOGT,7,7,Pre-2025,95
,Goatfishes,Fish,Mullidae,Animalia,Chordata,,,,GOATFIS,,0,7,Post-2025,
Cocos Frill Goby,Gobies,Fish,Gobiidae,Animalia,Chordata,,,,GOBYFIS,COCOFGO,7,7,Post-2025,
Eyebar Goby,Gobies,Fish,Gobiidae,Animalia,Chordata,,,,GOBYFIS,EYBARGO,7,7,Pre-2025,96
Halfspotted Goby,Gobies,Fish,Gobiidae,Animalia,Chordata,,,,GOBYFIS,HALFSGO,7,7,Pre-2025,97
Hawaiian Shrimp Goby,Gobies,Fish,Gobiidae,Animalia,Chordata,,,,GOBYFIS,SHRMPGO,7,7,Post-2025,
Tide Pool Goby,Gobies,Fish Whitespotted Frillgoby ,Gobiidae,Animalia,Chordata,,,,GOBYFIS,TIDEPGO,7,7,Pre-2025,98
Twospot Sand Goby,Gobies,Fish,Gobiidae,Animalia,Chordata,,,,GOBYFIS,TWSPTGO,7,7,Pre-2025,99
Wire Coral Goby,Gobies,Fish,Gobiidae,Animalia,Chordata,,,,GOBYFIS,WIRECGO,7,7,Post-2025,
,Gobies,Fish,Gobiidae,Animalia,Chordata,,,,GOBYFIS,,0,7,Post-2025,
Bicolor Gorgonian,Gorgonians,Cnidarians,Melithaeidae,Animalia,Cnidaria,Anthozoa,Octocorallia,Gorgonacea,GORGONI,BICOGOR,7,7,Pre-2025,259
,Gorgonians,Cnidarians,Melithaeidae,,,,,,GORGONI,,0,7,Post-2025,
Peacock Grouper,Groupers,Fish,Serranidae,Animalia,Chordata,,,,GROUPER,PEGROUP,7,7,Pre-2025,101
,Groupers,Fish,Serranidae,Animalia,Chordata,,,,GROUPER,,0,7,Post-2025,
Flying Gurnard,Gurnards,Fish,"Scorpaenidae, Caracanthidae",Animalia,Chordata,,,,GURNARD,FLYGURN,7,7,Post-2025,
,Gurnards,Fish,,,,,,,GURNARD,,0,7,Post-2025,
Polynesian Halfbeak,Halfbeaks,Fish,"Belonidae, Hemiramphidae",Animalia,Chordata,,,,NEEDLFI,POLYNFL,7,7,Pre-2025,125
,Halfbeaks,Fish,,,,,,,HALFBEK,,0,7,Post-2025,
Arc-Eye Hawkfish,Hawkfishes,Fish,Cirrhitidae,Animalia,Chordata,,,,HAWKFIS,ARCIHWK,7,7,Pre-2025,103
Blackside Hawkfish,Hawkfishes,Fish Freckled Hawkfish,,Animalia,Chordata,,,,HAWKFIS,BLKSHWK,7,7,Pre-2025,104
Red-Barred Hawkfish,Hawkfishes,Fish,Cirrhitidae,Animalia,Chordata,,,,HAWKFIS,REDBHWK,7,7,Pre-2025,105
Stocky Hawkfish,Hawkfishes,Fish,Cirrhitidae,Animalia,Chordata,,,,HAWKFIS,STOKHWK,7,7,Pre-2025,106
,Hawkfishes,Fish,Cirrhitidae,Animalia,Chordata,,,,HAWKFIS,,0,7,Post-2025,
Argus Hermit Crab,Hermit Crabs ,Crustaceans,Diogenidae,Animalia,Arthropoda,Malacostraca,,Decapoda,HERMCRB,ARGUHER,7,7,Pre-2025,583
Bloody Hermit Crab,Hermit Crabs ,Crustaceans,Diogenidae,Animalia,Arthropoda,Malacostraca,,Decapoda,HERMCRB,BLOOHER,7,7,Pre-2025,597
Cone Shell Hermit Crab,Hermit Crabs ,Crustaceans,Diogenidae,Animalia,Arthropoda,Malacostraca,,Decapoda,HERMCRB,CONESHE,7,7,Pre-2025,582
Debra's Squat Lobster,Hermit Crabs ,Crustaceans,Galatheidae,Animalia,Arthropoda,Malacostraca,,Decapoda,HERMCRB,DEBRSQU,7,7,Pre-2025,601
Elegant Hermit Crab,Hermit Crabs ,Crustaceans,Diogenidae,Animalia,Arthropoda,Malacostraca,,Decapoda,HERMCRB,ELEGHER,,,Post-2025,
Guam Hermit Crab,Hermit Crabs ,Crustaceans,Diogenidae,Animalia,Arthropoda,Malacostraca,,Decapoda,HERMCRB,GUAMHER,7,7,Pre-2025,585
Haig's Hermit Crab,Hermit Crabs ,Crustaceans,Diogenidae,Animalia,Arthropoda,Malacostraca,,Decapoda,HERMCRB,HAIGHER,7,7,Pre-2025,586
Hairy Yellow Hermit Crab,Hermit Crabs ,Crustaceans,Diogenidae,Animalia,Arthropoda,Malacostraca,,Decapoda,HERMCRB,HAIRYEL,7,7,Pre-2025,581
Hazlett's Hermit Crab,Hermit Crabs ,Crustaceans,Diogenidae,Animalia,Arthropoda,Malacostraca,,Decapoda,HERMCRB,HAZLHER,7,7,Pre-2025,587
Hidden Hermit Crab,Hermit Crabs ,Crustaceans,Diogenidae,Animalia,Arthropoda,Malacostraca,,Decapoda,HERMCRB,HIDDHER,7,7,Pre-2025,589
Hopper's Hermit Crab,Hermit Crabs ,Crustaceans,Diogenidae,Animalia,Arthropoda,Malacostraca,,Decapoda,HERMCRB,HOPPHER,7,7,Pre-2025,580
Isabelle's Hermit Crab,Hermit Crabs ,Crustaceans,Diogenidae,Animalia,Arthropoda,Malacostraca,,Decapoda,HERMCRB,ISABHER,7,7,Pre-2025,592
Jeweled Anemone Crab,Hermit Crabs ,Crustaceans,Porcellanidae,Animalia,Arthropoda,Malacostraca,,Decapoda,HERMCRB,JEWEANE,7,7,Pre-2025,594
Keiji's Hermit Crab,Hermit Crabs ,Crustaceans,Diogenidae,Animalia,Arthropoda,Malacostraca,,Decapoda,HERMCRB,KEIJHER,7,7,Pre-2025,599
Laurent's Hermit Crab,Hermit Crabs ,Crustaceans,Diogenidae,Animalia,Arthropoda,Malacostraca,,Decapoda,HERMCRB,LAURHER,7,7,Pre-2025,590
Left-Handed Hermit Crab,Hermit Crabs ,Crustaceans,Diogenidae,Animalia,Arthropoda,Malacostraca,,Decapoda,HERMCRB,LEFTHAN,7,7,Pre-2025,588
Nomura's Hermit Crab,Hermit Crabs ,Crustaceans,Diogenidae,Animalia,Arthropoda,Malacostraca,,Decapoda,HERMCRB,NOMUHER,7,7,Pre-2025,598
Pacific Mole Crab,Hermit Crabs ,Crustaceans,Hippidae,Animalia,Arthropoda,Malacostraca,,Decapoda,HERMCRB,PACIMOL,7,7,Pre-2025,603
Painted Hermit Crab,Hermit Crabs ,Crustaceans,Diogenidae,Animalia,Arthropoda,Malacostraca,,Decapoda,HERMCRB,PAINHER,7,7,Pre-2025,584
Pale Anemone Crab,Hermit Crabs ,Crustaceans,Porcellanidae,Animalia,Arthropoda,Malacostraca,,Decapoda,HERMCRB,PALEANE,7,7,Pre-2025,595
Red Porcelain Crab,Hermit Crabs ,Crustaceans,Porcellanidae,Animalia,Arthropoda,Malacostraca,,Decapoda,HERMCRB,REDPORX,7,7,Pre-2025,602
Seurat's Hermit Crab,Hermit Crabs ,Crustaceans,Diogenidae,Animalia,Arthropoda,Malacostraca,,Decapoda,HERMCRB,SEURHER,7,7,Pre-2025,591
White-Spotted Hermit Crab,Hermit Crabs ,Crustaceans,Diogenidae,Animalia,Arthropoda,Malacostraca,,Decapoda,HERMCRB,WHITSPO,7,7,Pre-2025,596
Zebra Hermit Crab,Hermit Crabs ,Crustaceans,Diogenidae,Animalia,Arthropoda,Malacostraca,,Decapoda,HERMCRB,ZEBRHER,7,7,Pre-2025,593
,Hermit Crabs ,Crustaceans,,Animalia,Arthropoda,Malacostraca,,Decapoda,HERMCRB,,,,Post-2025,
Black Hydroid,Hydroids,Cnidarians,Aglaopheniidae,Animalia,Cnidaria,Hydrozoa,,Leptothecata,HYDROID,BLACHYD,7,7,Pre-2025,243
Blue Button,Hydroids,Cnidarians,Porpitidae,Animalia,Cnidaria,Hydrozoa,,Anthoathecata,HYDROID,BLUEBUT,7,7,Pre-2025,246
By-The-Wind Sailor,Hydroids,Cnidarians,Porpitidae,Animalia,Cnidaria,Hydrozoa,,Anthoathecata,HYDROID,BYTHEXX,7,7,Pre-2025,245
Christmas Tree Hydroid,Hydroids,Cnidarians,Pennariidae,Animalia,Cnidaria,Hydrozoa,,Anthoathecata,HYDROID,CHRITRE,7,7,Pre-2025,238
Diaphanous Hydroid,Hydroids,Cnidarians,Sertulariidae,Animalia,Cnidaria,Hydrozoa,,Leptothecata,HYDROID,DIAPHYD,7,7,Pre-2025,240
Feather Hydroid,Hydroids,Cnidarians,Aglaopheniidae,Animalia,Cnidaria,Hydrozoa,,Leptothecata,HYDROID,FEATHYD,7,7,Pre-2025,241
Green Hydroid,Hydroids,Cnidarians,Sertulariidae,Animalia,Cnidaria,Hydrozoa,,Leptothecata,HYDROID,GREEHYD,7,7,Pre-2025,239
Philippine Hydroid,Hydroids,Cnidarians,Aglaopheniidae,Animalia,Cnidaria,Hydrozoa,,Leptothecata,HYDROID,PHILHYD,7,7,Pre-2025,242
Sea Fan Hydroid,Hydroids,Cnidarians,Solanderiidae,Animalia,Cnidaria,Hydrozoa,,Anthoathecata,HYDROID,SEAFANX,7,7,Pre-2025,244
,Hydroids,Cnidarians,,,,,,,HYDROID,,0,7,Post-2025,
Barred Jack,Jacks,Fish,Carangidae,Animalia,Chordata,,,,JACKFIS,BARJACK,7,7,Pre-2025,107
Bigeye Trevally,Jacks,Fish,Carangidae,Animalia,Chordata,,,,JACKFIS,BIGVALY,7,7,Pre-2025,108
Bluefin Trevally,Jacks,Fish,Carangidae,Animalia,Chordata,,,,JACKFIS,BLUVALY,7,7,Pre-2025,110
Giant Trevally,Jacks,Fish,Carangidae,Animalia,Chordata,,,,JACKFIS,GIAVALY,7,7,Pre-2025,109
Leatherback,Jacks,Fish Lai ,Carangidae,Animalia,Chordata,,,,JACKFIS,LEATHER,7,7,Pre-2025,111
,Jacks,Fish,Carangidae,Animalia,Chordata,,,,JACKFIS,,0,7,Post-2025,
Crowned Jellyfish ,Jellyfishes,Cnidarians,,Animalia,Cnidaria,Scyphozoa,,Rhizostomeae,JELLYFI,CROWJEL,7,7,Pre-2025,250
Giant Jellyfish ,Jellyfishes,Cnidarians,,Animalia,Cnidaria,Scyphozoa,,Rhizostomeae,JELLYFI,GIANJEL,7,7,Pre-2025,251
Lagoon Jellyfish ,Jellyfishes,Cnidarians,,Animalia,Cnidaria,Scyphozoa,,Rhizostomeae,JELLYFI,LAGOJEL,7,7,Pre-2025,252
Luminescent Jellyfish ,Jellyfishes,Cnidarians,,Animalia,Cnidaria,Scyphozoa,,Semaeostomeae,JELLYFI,LUMIJEL,7,7,Pre-2025,248
Moon Jellyfish ,Jellyfishes,Cnidarians,,Animalia,Cnidaria,Scyphozoa,,Semaeostomeae,JELLYFI,MOONJEL,7,7,Pre-2025,247
Pelagic Jellyfish ,Jellyfishes,Cnidarians,,Animalia,Cnidaria,Scyphozoa,,Rhizostomeae,JELLYFI,PELAJEL,7,7,Pre-2025,253
Small Box Jellyfish ,Jellyfishes,Cnidarians,,Animalia,Cnidaria,Cubozoa,,Carybdeida,JELLYFI,SMALBOX,7,7,Pre-2025,255
Upside-Down Jellyfish ,Jellyfishes,Cnidarians,,Animalia,Cnidaria,Scyphozoa,,Rhizostomeae,JELLYFI,UPSIDOW,7,7,Pre-2025,249
Winged Box Jellyfish ,Jellyfishes,Cnidarians,,Animalia,Cnidaria,Cubozoa,,Carybdeida,JELLYFI,WINGBOX,7,7,Pre-2025,254
,Jellyfishes,Cnidarians,,,,,,,JELLYFI,,,,Post-2025,
Hawaiian Ladyfish,Ladyfishes,Fish Hawaiian Tarpon Tenpounder ,"Albulidae, Megalopidae",Animalia,Chordata,,,,LADYFSH,HAWLADY,7,7,Post-2025,
,Ladyfishes,Fish,Synodontidae,Animalia,Chordata,,,,LADYFSH,,0,7,Post-2025,
Clearfin Lizardfish,Lizardfishes,Fish,Synodontidae,Animalia,Chordata,,,,LIZRDFI,CLEARLI,7,7,Pre-2025,112
Hawaiian Lizardfish,Lizardfishes,Fish,Synodontidae,Animalia,Chordata,,,,LIZRDFI,HAWAILI,7,7,Pre-2025,113
Orangemouth Lizardfish,Lizardfishes,Fish,Synodontidae,Animalia,Chordata,,,,LIZRDFI,ORANGLI,7,7,Pre-2025,114
Reef Lizardfish,Lizardfishes,Fish,Synodontidae,Animalia,Chordata,,,,LIZRDFI,REEFLIZ,7,7,Pre-2025,115
Slender Lizardfish,Lizardfishes,Fish,Synodontidae,Animalia,Chordata,,,,LIZRDFI,SLENDLI,7,7,Pre-2025,116
Twospot Lizardfish,Lizardfishes,Fish,Synodontidae,Animalia,Chordata,,,,LIZRDFI,TWOSPLI,7,7,Pre-2025,117
,Lizardfishes,Fish,Synodontidae,Animalia,Chordata,,,,LIZRDFI,,0,7,Post-2025,
Bullseye Reef Lobster,Lobsters,Crustaceans,Enoplometopidae,Animalia,Arthropoda,Malacostraca,,Decapoda,LOBSTER,BULLREE,7,7,Pre-2025,568
Debelius' Reef Lobster,Lobsters,Crustaceans,Enoplometopidae,Animalia,Arthropoda,Malacostraca,,Decapoda,LOBSTER,DEBEREE,7,7,Pre-2025,566
Fui Locust Lobster,Lobsters,Crustaceans,Scyllaridae,Animalia,Arthropoda,Malacostraca,,Decapoda,LOBSTER,FUILOCX,7,7,Pre-2025,577
Hawaiian Spiny Lobster,Lobsters,Crustaceans,Palinuridae,Animalia,Arthropoda,Malacostraca,,Decapoda,LOBSTER,HAWASPI,7,7,Pre-2025,569
Long-Handed Spiny Lobster,Lobsters,Crustaceans,Palinuridae,Animalia,Arthropoda,Malacostraca,,Decapoda,LOBSTER,LONGHAN,7,7,Pre-2025,571
Mole Lobster,Lobsters,Crustaceans,Scyllaridae,Animalia,Arthropoda,Malacostraca,,Decapoda,LOBSTER,MOLELOB,7,7,Pre-2025,572
Red Reef Lobster,Lobsters,Crustaceans,Enoplometopidae,Animalia,Arthropoda,Malacostraca,,Decapoda,LOBSTER,REDREEX,7,7,Pre-2025,567
Regal Slipper Lobster,Lobsters,Crustaceans,Scyllaridae,Animalia,Arthropoda,Malacostraca,,Decapoda,LOBSTER,REGASLI,7,7,Pre-2025,573
Ridgeback Slipper Lobster,Lobsters,Crustaceans,Scyllaridae,Animalia,Arthropoda,Malacostraca,,Decapoda,LOBSTER,RIDGSLI,7,7,Pre-2025,575
Scaly Slipper Lobster,Lobsters,Crustaceans,Scyllaridae,Animalia,Arthropoda,Malacostraca,,Decapoda,LOBSTER,SCALSLI,7,7,Pre-2025,576
Sculptured Slipper Lobster,Lobsters,Crustaceans,Scyllaridae,Animalia,Arthropoda,Malacostraca,,Decapoda,LOBSTER,SCULSLI,7,7,Pre-2025,574
Spiny-Nose Squat Lobster,Lobsters,Crustaceans,Palinuridae,Animalia,Arthropoda,Malacostraca,,Decapoda,LOBSTER,SPINNOS,7,7,Pre-2025,600
Tufted Spiny Lobster,Lobsters,Crustaceans,Palinuridae,Animalia,Arthropoda,Malacostraca,,Decapoda,LOBSTER,TUFTSPI,7,7,Pre-2025,570
,Lobsters,Crustaceans,,,,,,,LOBSTER,,0,7,Post-2025,
Milkfish,Milkfishes,Fish,Chanidae,Animalia,Chordata,,,,MILKFIS,MILKFIS,7,7,Post-2025,
,Milkfishes,Fish,Chanidae,Animalia,Chordata,,,,MILKFIS,,0,7,Pre-2025,118
Moorish Idol,Moorish Idol,Fish Moorish Idols,Zanclidae,Animalia,Chordata,,,,MOORIDL,MOORIDL,7,7,Pre-2025,119
,Moorish Idol,Fish Moorish Idols,Zanclidae,Animalia,Chordata,,,,MOORIDL,,0,7,Pre-2025,119
Sharpnose Mullet,Mullets,Fish,"Mugilidae, Polynemidae",Animalia,Chordata,,,,MULLETS,SHRPMLT,7,7,Pre-2025,122
Striped Mullet,Mullets,Fish Gray Mullet,,Animalia,Chordata,,,,MULLETS,STRPMLT,7,7,Pre-2025,121
,Mullets,Fish,"Mugilidae, Polynemidae",Animalia,Chordata,,,,MULLETS,,0,7,Post-2025,
Crocodile Needlefish,Needlefishes,Fish,Beloindae,Animalia,Chordata,,,,NEEDLFI,CROCNDL,7,7,Pre-2025,123
Keeltail Needlefish,Needlefishes,Fish Flat-tail Needlefish,Beloindae,Animalia,Chordata,,,,NEEDLFI,KEELNDL,7,7,Pre-2025,124
,Needlefishes,Fish,Belonidae ,Animalia,Chordata,,,,NEEDLFI,,0,7,Post-2025,
Blue-Ocellus Octopus ,Octopuses,,,Animalia,Mollusca,Cephalopoda,,Octopoda,OCTOPUS,BLUEOCE,7,7,Pre-2025,504
Crescent Octopus ,Octopuses,,,Animalia,Mollusca,Cephalopoda,,Octopoda,OCTOPUS,CRESOCT,7,7,Pre-2025,505
Day Octopus,Octopuses,,Octopodidae,Animalia,Mollusca,Cephalopoda,,Octopoda,OCTOPUS,DAYOCTX,7,7,Pre-2025,499
Long-Arm Sand Octopus ,Octopuses,,,Animalia,Mollusca,Cephalopoda,,Octopoda,OCTOPUS,LONGARM,7,7,Pre-2025,503
Ornate Octopus ,Octopuses,,,Animalia,Mollusca,Cephalopoda,,Octopoda,OCTOPUS,ORNAOCT,7,7,Pre-2025,500
Short-Arm Sand Octopus ,Octopuses,,,Animalia,Mollusca,Cephalopoda,,Octopoda,OCTOPUS,SHORARM,7,7,Pre-2025,502
Starry Night Octopus ,Octopuses,,,Animalia,Mollusca,Cephalopoda,,Octopoda,OCTOPUS,STARNIG,7,7,Pre-2025,501
,Octopuses,,,,,,,,OCTOPUS,,0,7,Post-2025,
Bullethead Parrotfish,Parrotfishes,Fish,Scaridae,Animalia,Chordata,,,,PAROTFI,BULTPRT,7,7,Pre-2025,126
Palenose Parrotfish,Parrotfishes,Fish,Scaridae,Animalia,Chordata,,,,PAROTFI,PALEPRT,7,7,Pre-2025,128
Redlip Parrotfish,Parrotfishes,Fish Ember Parrotfish,,Animalia,Chordata,,,,PAROTFI,REDLIRT,7,7,Pre-2025,129
Spectacled Parrotfish,Parrotfishes,Fish,Scaridae,Animalia,Chordata,,,,PAROTFI,SPECPRT,7,7,Pre-2025,130
Stareye Parrotfish,Parrotfishes,Fish,Scaridae,Animalia,Chordata,,,,PAROTFI,STRIPRT,7,7,Pre-2025,131
,Parrotfishes,Fish,Scaridae,Animalia,Chordata,,,,PAROTFI,,0,7,Post-2025,
Bluestripe Pipefish,Pipefishes,Fish,Syngnathidae,Animalia,Chordata,,,,PIPSHOR,BLUPIPE,7,7,Post-2025,
Redstripe Pipefish,Pipefishes,Fish,Syngnathidae,Animalia,Chordata,,,,PIPSHOR,REDPIPE,7,7,Post-2025,
,Pipefishes,Fish,Syngnathidae,Animalia,Chordata,,,,PIPSHOR,,0,7,Pre-2025,132
Giant Porcupinefish,Porcupinefishes,Fish Porcupinefish,,Animalia,Chordata,,,,PORCUPI,GIPRKPN,7,7,Pre-2025,136
Longspine Porcupinefish,Porcupinefishes,Fish,Diodontidae,Animalia,Chordata,,,,PORCUPI,LSPRKPN,7,7,Pre-2025,137
Spotted Burrfish,Porcupinefishes,Fish,Diodontidae,Animalia,Chordata,,,,PORCUPI,SPOTBUR,7,7,Pre-2025,138
,Porcupinefishes,Fish,Diodontidae,Animalia,Chordata,,,,PORCUPI,,0,7,Post-2025,
Ambon Toby,Pufferfishes,Fish,Tetraodontidae,Animalia,Chordata,,,,PUFERFI,AMBTOBY,7,7,Pre-2025,146
Hawaiian Whitespotted Toby,Pufferfishes,Fish,Tetraodontidae,Animalia,Chordata,,,,PUFERFI,HAWTOBY,7,7,Pre-2025,143
Spotted Puffer,Pufferfishes,Fish,Tetraodontidae,Animalia,Chordata,,,,PUFERFI,SPOTPUF,7,7,Pre-2025,144
Stripebelly Puffer,Pufferfishes,Fish,Tetraodontidae,Animalia,Chordata,,,,PUFERFI,STRPPUF,7,7,Pre-2025,145
,Pufferfishes,Fish,Tetraodontidae,Animalia,Chordata,,,,PUFERFI,,0,7,Post-2025,
,Rays,Fish,"Dasyatidae, Mobulidae, Myliobatidae",Animalia,Chordata,,,,RAYSFIS,,0,7,Pre-2025,147
,Remoras,Fish,Echeneidae,Animalia,Chordata,,,,REMORAS,,0,7,Pre-2025,148
,Ribbon Worms,Worms,,,,,,,RIBBWOR,,,,Post-2025,
,Sandperches,Fish,Pinguipedidae,Animalia,Chordata,,,,SANDPER,,0,7,Pre-2025,149
,"Sardines, Herrings and Silversides",Fish,"Clupeidae, Atherinidae",Animalia,Chordata,,,,SARDINE,,0,7,Pre-2025,150
Devil Scorpionfish,Scorpionfishes,Fish,"Scorpaenidae, Caracanthidae",Animalia,Chordata,,,,SCORPIN,DEVILSC,7,7,Post-2025,
,Scorpionfishes,Fish,"Scorpaenidae, Caracanthidae",Animalia,Chordata,,,,SCORPIN,,0,7,Pre-2025,151
Dusky Anemone,Sea Anemones,Cnidarians,Actiniidae,Animalia,Cnidaria,Anthozoa,Hexacorallia,Actiniaria,SEAANEX,DUSKANE,7,7,Pre-2025,262
Glass Anemone,Sea Anemones,Cnidarians,Aiptasiidae,Animalia,Cnidaria,Anthozoa,Hexacorallia,Actiniaria,SEAANEX,GLASANE,7,7,Pre-2025,268
Hermit Crab Anomone,Sea Anemones,Cnidarians,Actiniidae,Animalia,Cnidaria,Anthozoa,Hexacorallia,Actiniaria,SEAANEX,HERMCRA,7,7,Pre-2025,267
Mann's Anemone,Sea Anemones,Cnidarians,Actiniidae,Animalia,Cnidaria,Anthozoa,Hexacorallia,Actiniaria,SEAANEX,MANNANE,7,7,Pre-2025,264
Pleasing Anemone,Sea Anemones,Cnidarians,Actiniidae,Animalia,Cnidaria,Anthozoa,Hexacorallia,Actiniaria,SEAANEX,PLEAANE,7,7,Pre-2025,265
Prolific Anemone,Sea Anemones,Cnidarians,Aiptasiidae,Animalia,Cnidaria,Anthozoa,Hexacorallia,Actiniaria,SEAANEX,PROLANE,7,7,Pre-2025,261
Sand Anemone,Sea Anemones,Cnidarians,Actinodendronidae,Animalia,Cnidaria,Anthozoa,Hexacorallia,Actiniaria,SEAANEX,SANDANE,7,7,Pre-2025,266
Sesere's Anemone,Sea Anemones,Cnidarians,Actiniidae,Animalia,Cnidaria,Anthozoa,Hexacorallia,Actiniaria,SEAANEX,SESEANE,7,7,Pre-2025,263
Swimming Anemone,Sea Anemones,Cnidarians,Boloceroididae,Animalia,Cnidaria,Anthozoa,Hexacorallia,Actiniaria,SEAANEX,SWIMANE,7,7,Pre-2025,260
,Sea Anemones,Cnidarians,,,,,,,SEAANEX,,,,Post-2025,
Ashy Sea Cucumber,Sea Cucumbers,Echinoderms,Holothuriidae,Animalia,Echinodermata,Holothuroidea,,,SEACUCX,ASHYSEA,7,7,Pre-2025,695
Black Sea Cucumber,Sea Cucumbers,Echinoderms,Holothuriidae,Animalia,Echinodermata,Holothuroidea,,,SEACUCM,BLACKCU,7,7,Pre-2025,152
Black-Spotted Sea Cucumber,Sea Cucumbers,Echinoderms,Holothuriidae,Animalia,Echinodermata,Holothuroidea,,,SEACUCX,BLACSPO,7,7,Pre-2025,701
Conspicuous Sea Cucumber,Sea Cucumbers,Echinoderms,Holothuriidae,Animalia,Echinodermata,Holothuroidea,,,SEACUCX,CONSSEA,7,7,Pre-2025,709
Difficult Sea Cucumber,Sea Cucumbers,Echinoderms,Holothuriidae,Animalia,Echinodermata,Holothuroidea,,,SEACUCX,DIFFSEA,7,7,Pre-2025,697
Edible Sea Cucumber,Sea Cucumbers,Echinoderms,Holothuriidae,Animalia,Echinodermata,Holothuroidea,,,SEACUCX,EDIBSEA,7,7,Pre-2025,696
Hawaiian Spiky Sea Cucumber,Sea Cucumbers,Echinoderms,Holothuriidae,Animalia,Echinodermata,Holothuroidea,,,SEACUCX,HAWASPI,7,7,Pre-2025,705
Hawaiian Yellow-Tip Sea Cucumber,Sea Cucumbers,Echinoderms,Holothuriidae,Animalia,Echinodermata,Holothuroidea,,,SEACUCX,HAWAYEL,7,7,Pre-2025,706
Impatient Sea Cucumber,Sea Cucumbers,Echinoderms,Holothuriidae,Animalia,Echinodermata,Holothuroidea,,,SEACUCX,IMPASEA,7,7,Pre-2025,699
Leopard Sea Cucumber,Sea Cucumbers,Echinoderms,Holothuriidae,Animalia,Echinodermata,Holothuroidea,,,SEACUCX,LEOPSEA,7,7,Pre-2025,702
Light-Spotted Sea Cucumber,Sea Cucumbers,Echinoderms,Holothuriidae,Animalia,Echinodermata,Holothuroidea,,,SEACUCX,LIGHSPO,7,7,Pre-2025,698
Lion's Paw Sea Cucumber,Sea Cucumbers,Echinoderms,Holothuriidae,Animalia,Echinodermata,Holothuroidea,,,SEACUCX,LIONPAW,7,7,Pre-2025,708
Paradoxical Sea Cucumber,Sea Cucumbers,Echinoderms,Stichopodidae,Animalia,Echinodermata,Holothuroidea,,,SEACUCX,PARASEA,7,7,Pre-2025,694
Plump Sea Cucumber,Sea Cucumbers,Echinoderms,Holothuriidae,Animalia,Echinodermata,Holothuroidea,,,SEACUCX,PLUMSEA,7,7,Pre-2025,693
Sand Sea Cucumber,Sea Cucumbers,Echinoderms,Holothuriidae,Animalia,Echinodermata,Holothuroidea,,,SEACUCX,SANDSEA,7,7,Pre-2025,703
Short Thin-Walled Sea Cucumber,Sea Cucumbers,Echinoderms,Holothuriidae,Animalia,Echinodermata,Holothuroidea,,,SEACUCX,SHORTHI,7,7,Pre-2025,710
Stubborn Sea Cucumber,Sea Cucumbers,Echinoderms,Stichopodidae,Animalia,Echinodermata,Holothuroidea,,,SEACUCX,STUBSEA,7,7,Pre-2025,700
Teated Sea Cucumber,Sea Cucumbers,Echinoderms,Holothuriidae,Animalia,Echinodermata,Holothuroidea,,,SEACUCM,TEATDCU,7,7,Pre-2025,153
Warty Sea Cucumber,Sea Cucumbers,Echinoderms,Holothuriidae,Animalia,Echinodermata,Holothuroidea,,,SEACUCX,WARTSEA,7,7,Pre-2025,707
White Sea Cucumber,Sea Cucumbers,Echinoderms,Holothuriidae,Animalia,Echinodermata,Holothuroidea,,,SEACUCX,WHITSEA,7,7,Pre-2025,704
White-Spotted Sea Cucumber,Sea Cucumbers,Echinoderms,Holothuriidae,Animalia,Echinodermata,Holothuroidea,,,SEACUCX,WHITSPO,7,7,Pre-2025,692
,Sea Cucumbers,Echinoderms,,Animalia,Echinodermata,Holothuroidea,,,SEACUCX,,,,Post-2025,
Alison's Swallowtail Slug,Sea Slugs,Molluscs Shells Mollusks,Gastropteridae,Animalia,Mollusca,Gastropoda,,Cephalaspidea,SEASLUX,ALISSWA,7,7,Pre-2025,411
Armored Phyllidia,Sea Slugs,Molluscs Shells Mollusks,Phyllidiidae,Animalia,Mollusca,Gastropoda,,Nudiobranchia,SEASLUX,ARMOPHY,7,7,Pre-2025,469
Bicolor Nudibranch ,Sea Slugs,Molluscs Shells Mollusks Nudibranchs,,Animalia,Mollusca,Gastropoda,,Nudiobranchia,SEASLUX,BICONUD,7,7,Pre-2025,478
Black Dendrodoris,Sea Slugs,Molluscs Shells Mollusks,Dendrodorididae,Animalia,Mollusca,Gastropoda,,Nudiobranchia,SEASLUX,BLACDEN,7,7,Pre-2025,461
Black-Margin Nudibranch ,Sea Slugs,Molluscs Shells Mollusks Nudibranchs,,Animalia,Mollusca,Gastropoda,,Nudiobranchia,SEASLUX,BLACMAR,7,7,Pre-2025,444
Blue Dragon Nudibranch ,Sea Slugs,Molluscs Shells Mollusks Nudibranchs,,Animalia,Mollusca,Gastropoda,,Nudiobranchia,SEASLUX,BLUEDRA,7,7,Pre-2025,480
Blue Swallowtail Slug,Sea Slugs,Molluscs Shells Mollusks,Gastropteridae,Animalia,Mollusca,Gastropoda,,Cephalaspidea,SEASLUX,BLUESWA,7,7,Pre-2025,410
Blue-Margin Headshield Slug,Sea Slugs,Molluscs Shells Mollusks,Aglajidae,Animalia,Mollusca,Gastropoda,,Cephalaspidea,SEASLUX,BLUEMAR,7,7,Pre-2025,413
Calyx Bubble Shell,Sea Slugs,Molluscs Shells Mollusks,Bullidae,Animalia,Mollusca,Gastropoda,,Cephalaspidea,SEASLUX,CALYBUB,7,7,Pre-2025,409
Clumpy Nudibranch ,Sea Slugs,Molluscs Shells Mollusks Nudibranchs,,Animalia,Mollusca,Gastropoda,,Nudiobranchia,SEASLUX,CLUMNUD,7,7,Pre-2025,430
Common Sea Hare,Sea Slugs,Molluscs Shells Mollusks Hares,Aplysiidae,Animalia,Mollusca,Gastropoda,,Anaspidea,SEASLUX,COMMSEA,7,7,Pre-2025,420
Cup Coral Nudibranch ,Sea Slugs,Molluscs Shells Mollusks Nudibranchs,,Animalia,Mollusca,Gastropoda,,Nudiobranchia,SEASLUX,CUPCORX,7,7,Pre-2025,482
Cymbal Bubble Shell,Sea Slugs,Molluscs Shells Mollusks,Bullidae,Animalia,Mollusca,Gastropoda,,Cephalaspidea,SEASLUX,CYMBBUB,7,7,Pre-2025,405
Danielle's Nudibranch ,Sea Slugs,Molluscs Shells Mollusks Nudibranchs,,Animalia,Mollusca,Gastropoda,,Nudiobranchia,SEASLUX,DANINUD,7,7,Pre-2025,458
Decorated Nudibranch ,Sea Slugs,Molluscs Shells Mollusks Nudibranchs,,Animalia,Mollusca,Gastropoda,,Nudiobranchia,SEASLUX,DECONUD,7,7,Pre-2025,440
Desirable Nudibranch ,Sea Slugs,Molluscs Shells Mollusks Nudibranchs,,Animalia,Mollusca,Gastropoda,,Nudiobranchia,SEASLUX,DESINUD,7,7,Pre-2025,479
Dot-And-Dash Nudibranch ,Sea Slugs,Molluscs Shells Mollusks Nudibranchs,,Animalia,Mollusca,Gastropoda,,Nudiobranchia,SEASLUX,DOTANDX,7,7,Pre-2025,452
Eared Sea Hare,Sea Slugs,Molluscs Shells Mollusks Hares,Aplysiidae,Animalia,Mollusca,Gastropoda,,Anaspidea,SEASLUX,EARESEA,7,7,Pre-2025,419
Eel Nudibranch ,Sea Slugs,Molluscs Shells Mollusks Nudibranchs,,Animalia,Mollusca,Gastropoda,,Nudiobranchia,SEASLUX,EELNUDX,7,7,Pre-2025,475
Egg-Eating Nudibranch ,Sea Slugs,Molluscs Shells Mollusks Nudibranchs,,Animalia,Mollusca,Gastropoda,,Nudiobranchia,SEASLUX,EGGEATX,7,7,Pre-2025,477
Eyed Sea Hare,Sea Slugs,Molluscs Shells Mollusks Hares,Aplysiidae,Animalia,Mollusca,Gastropoda,,Anaspidea,SEASLUX,EYEDSEA,7,7,Pre-2025,415
Fellows' Nudibranch ,Sea Slugs,Molluscs Shells Mollusks Nudibranchs,,Animalia,Mollusca,Gastropoda,,Nudiobranchia,SEASLUX,FELLNUD,7,7,Pre-2025,464
Forsskal's Pleurobranch ,Sea Slugs,Molluscs Shells Mollusks Pleurobranchs,,Animalia,Mollusca,Gastropoda,,Notaspidea,SEASLUX,FORSPLE,7,7,Pre-2025,427
Gloomy Nudibranch ,Sea Slugs,Molluscs Shells Mollusks Nudibranchs,,Animalia,Mollusca,Gastropoda,,Nudiobranchia,SEASLUX,GLOONUD,7,7,Pre-2025,473
Gold Lace Nudibranch ,Sea Slugs,Molluscs Shells Mollusks Nudibranchs,,Animalia,Mollusca,Gastropoda,,Nudiobranchia,SEASLUX,GOLDLAC,7,7,Pre-2025,431
Imperial Nudibranch ,Sea Slugs,Molluscs Shells Mollusks Nudibranchs,,Animalia,Mollusca,Gastropoda,,Nudiobranchia,SEASLUX,IMPENUD,7,7,Pre-2025,457
Indian Nudibranch ,Sea Slugs,Molluscs Shells Mollusks Nudibranchs,,Animalia,Mollusca,Gastropoda,,Nudiobranchia,SEASLUX,INDINUD,7,7,Pre-2025,476
Jolly Green Giant,Sea Slugs,Molluscs Shells Mollusks,Aplysiidae,Animalia,Mollusca,Gastropoda,,Nudiobranchia,SEASLUX,JOLLGRE,7,7,Pre-2025,455
Juliana's Sea Hare,Sea Slugs,Molluscs Shells Mollusks Hares,Aplysiidae,Animalia,Mollusca,Gastropoda,,Anaspidea,SEASLUX,JULISEA,7,7,Pre-2025,416
Kahuna Nudibranch ,Sea Slugs,Molluscs Shells Mollusks Nudibranchs,,Animalia,Mollusca,Gastropoda,,Nudiobranchia,SEASLUX,KAHUNUD,7,7,Pre-2025,459
Kangaroo Nudibranch ,Sea Slugs,Molluscs Shells Mollusks Nudibranchs,,Animalia,Mollusca,Gastropoda,,Nudiobranchia,SEASLUX,KANGNUD,7,7,Pre-2025,434
Lilac-Spotted Nudibranch ,Sea Slugs,Molluscs Shells Mollusks Nudibranchs,,Animalia,Mollusca,Gastropoda,,Nudiobranchia,SEASLUX,LILASPO,7,7,Pre-2025,439
Lined Sea Hare,Sea Slugs,Molluscs Shells Mollusks Hares,Aplysiidae,Animalia,Mollusca,Gastropoda,,Anaspidea,SEASLUX,LINESEA,7,7,Pre-2025,421
Locust Nudibranch ,Sea Slugs,Molluscs Shells Mollusks Nudibranchs,,Animalia,Mollusca,Gastropoda,,Nudiobranchia,SEASLUX,LOCUNUD,7,7,Pre-2025,448
Magenta-Striped Nudibranch ,Sea Slugs,Molluscs Shells Mollusks Nudibranchs,,Animalia,Mollusca,Gastropoda,,Nudiobranchia,SEASLUX,MAGESTR,7,7,Pre-2025,451
Man-Of-War Nudibranch ,Sea Slugs,Molluscs Shells Mollusks Nudibranchs,,Animalia,Mollusca,Gastropoda,,Nudiobranchia,SEASLUX,MANOFXX,7,7,Pre-2025,481
Midway Nudibranch ,Sea Slugs,Molluscs Shells Mollusks Nudibranchs,,Animalia,Mollusca,Gastropoda,,Nudiobranchia,SEASLUX,MIDWNUD,7,7,Pre-2025,441
Orange Gumdrop,Sea Slugs,Molluscs Shells Mollusks,Discodorididae,Animalia,Mollusca,Gastropoda,,Notaspidea,SEASLUX,ORANGUM,7,7,Pre-2025,424
Orange-Margin Sap-Sucking Slug,Sea Slugs,Molluscs Shells Mollusks,Elysiidae,Animalia,Mollusca,Gastropoda,,Sacoglossa,SEASLUX,ORANMAR,7,7,Pre-2025,422
Painted Nudibranch ,Sea Slugs,Molluscs Shells Mollusks Nudibranchs,,Animalia,Mollusca,Gastropoda,,Nudiobranchia,SEASLUX,PAINNUD,7,7,Pre-2025,449
Pali Nudibranch ,Sea Slugs,Molluscs Shells Mollusks Nudibranchs,,Animalia,Mollusca,Gastropoda,,Nudiobranchia,SEASLUX,PALINUD,7,7,Pre-2025,432
Papper Bubble Shell,Sea Slugs,Molluscs Shells Mollusks,Bullidae,Animalia,Mollusca,Gastropoda,,Cephalaspidea,SEASLUX,PAPPBUB,7,7,Pre-2025,407
Pauline's Nudibranch ,Sea Slugs,Molluscs Shells Mollusks Nudibranchs,,Animalia,Mollusca,Gastropoda,,Nudiobranchia,SEASLUX,PAULNUD,7,7,Pre-2025,454
Pilsbry's Headshield Slug,Sea Slugs,Molluscs Shells Mollusks,Aglajidae,Animalia,Mollusca,Gastropoda,,Cephalaspidea,SEASLUX,PILSHEA,7,7,Pre-2025,412
Pitted Nudibranch ,Sea Slugs,Molluscs Shells Mollusks Nudibranchs,,Animalia,Mollusca,Gastropoda,,Nudiobranchia,SEASLUX,PITTNUD,7,7,Pre-2025,429
Polka-Dot Phyllidia,Sea Slugs,Molluscs Shells Mollusks,Phyllidiidae,Animalia,Mollusca,Gastropoda,,Nudiobranchia,SEASLUX,POLKDOT,7,7,Pre-2025,468
Polygon Pleurobranch ,Sea Slugs,Molluscs Shells Mollusks Pleurobranchs,,Animalia,Mollusca,Gastropoda,,Notaspidea,SEASLUX,POLYPLE,7,7,Pre-2025,425
Pulmonate Sea Hare,Sea Slugs,Molluscs Shells Mollusks Hares,Aplysiidae,Animalia,Mollusca,Gastropoda,,Anaspidea,SEASLUX,PULMSEA,7,7,Pre-2025,418
Pustulose Phyllidia,Sea Slugs,Molluscs Shells Mollusks,Phyllidiidae,Animalia,Mollusca,Gastropoda,,Nudiobranchia,SEASLUX,PUSTPHY,7,7,Pre-2025,470
Red Dendrodoris,Sea Slugs,Molluscs Shells Mollusks,Dendrodorididae,Animalia,Mollusca,Gastropoda,,Nudiobranchia,SEASLUX,REDDENX,7,7,Pre-2025,462
Red-Spotted Nudibranch ,Sea Slugs,Molluscs Shells Mollusks Nudibranchs,,Animalia,Mollusca,Gastropoda,,Nudiobranchia,SEASLUX,REDSPOX,7,7,Pre-2025,442
Redmargin Spanish Dancer,Sea Slugs,Molluscs Shells Mollusks,Hexabranchidae,Animalia,Mollusca,Gastropoda,,Nudiobranchia,SEASLUX,REDMSPA,7,7,Pre-2025,466
Ringed Sap-Sucking Slug,Sea Slugs,Molluscs Shells Mollusks,Plakobranchidae,Animalia,Mollusca,Gastropoda,,Sacoglossa,SEASLUX,RINGSAP,7,7,Pre-2025,423
Rosy Phyllidia,Sea Slugs,Molluscs Shells Mollusks,Phyllidiidae,Animalia,Mollusca,Gastropoda,,Nudiobranchia,SEASLUX,ROSYPHY,7,7,Pre-2025,471
Scott Johnson's Nudibranch ,Sea Slugs,Molluscs Shells Mollusks Nudibranchs,,Animalia,Mollusca,Gastropoda,,Nudiobranchia,SEASLUX,SCOTJOH,7,7,Pre-2025,435
Small Sea Hare,Sea Slugs,Molluscs Shells Mollusks Hares,Aplysiidae,Animalia,Mollusca,Gastropoda,,Anaspidea,SEASLUX,SMALSEA,7,7,Pre-2025,417
Snow-Goddess Nudibranch ,Sea Slugs,Molluscs Shells Mollusks Nudibranchs,,Animalia,Mollusca,Gastropoda,,Nudiobranchia,SEASLUX,SNOWGOD,7,7,Pre-2025,445
Speckled Platydoris,Sea Slugs,Molluscs Shells Mollusks,Discodorididae,Animalia,Mollusca,Gastropoda,,Nudiobranchia,SEASLUX,SPECPLA,7,7,Pre-2025,433
Sphinx Phyllidia,Sea Slugs,Molluscs Shells Mollusks,Phyllidiidae,Animalia,Mollusca,Gastropoda,,Nudiobranchia,SEASLUX,SPHIPHY,7,7,Pre-2025,472
Swollen Bubble Shell,Sea Slugs,Molluscs Shells Mollusks,Bullidae,Animalia,Mollusca,Gastropoda,,Cephalaspidea,SEASLUX,SWOLBUB,7,7,Pre-2025,406
Throw-Net Nudibranch ,Sea Slugs,Molluscs Shells Mollusks Nudibranchs,,Animalia,Mollusca,Gastropoda,,Nudiobranchia,SEASLUX,THRONET,7,7,Pre-2025,474
Tiled Pleurobranch ,Sea Slugs,Molluscs Shells Mollusks Pleurobranchs,,Animalia,Mollusca,Gastropoda,,Notaspidea,SEASLUX,TILEPLE,7,7,Pre-2025,426
Tom Smith's Nudibranch ,Sea Slugs,Molluscs Shells Mollusks Nudibranchs,,Animalia,Mollusca,Gastropoda,,Nudiobranchia,SEASLUX,TOMSMIX,7,7,Pre-2025,447
Trembling Nudibranch ,Sea Slugs,Molluscs Shells Mollusks Nudibranchs,,Animalia,Mollusca,Gastropoda,,Nudiobranchia,SEASLUX,TREMNUD,7,7,Pre-2025,443
Tuberculous Nudibranch ,Sea Slugs,Molluscs Shells Mollusks Nudibranchs,,Animalia,Mollusca,Gastropoda,,Nudiobranchia,SEASLUX,TUBENUD,7,7,Pre-2025,463
Umbrella Slug,Sea Slugs,Molluscs Shells Mollusks,Tylodinidae,Animalia,Mollusca,Gastropoda,,Notaspidea,SEASLUX,UMBRSLU,7,7,Pre-2025,428
Varicose Phyllidia,Sea Slugs,Molluscs Shells Mollusks,Phyllidiidae,Animalia,Mollusca,Gastropoda,,Nudiobranchia,SEASLUX,VARIPHY,7,7,Pre-2025,467
Violet-Gilled Nudibranch ,Sea Slugs,Molluscs Shells Mollusks Nudibranchs,,Animalia,Mollusca,Gastropoda,,Nudiobranchia,SEASLUX,VIOLGIL,7,7,Pre-2025,450
Warty Slug,Sea Slugs,Molluscs Shells Mollusks,Dendrodorididae,Animalia,Mollusca,Gastropoda,Opisthobranchia,,SEASLUX,WARTSLU,7,7,Pre-2025,404
Wavy Bubble Shell,Sea Slugs,Molluscs Shells Mollusks,Bullidae,Animalia,Mollusca,Gastropoda,,Cephalaspidea,SEASLUX,WAVYBUB,7,7,Pre-2025,408
White And Brown Dendrodoris,Sea Slugs,Molluscs Shells Mollusks,Dendrodorididae,Animalia,Mollusca,Gastropoda,,Nudiobranchia,SEASLUX,WHITAND,7,7,Pre-2025,460
White Dot Nudibranch ,Sea Slugs,Molluscs Shells Mollusks Nudibranchs,,Animalia,Mollusca,Gastropoda,,Nudiobranchia,SEASLUX,WHITDOT,7,7,Pre-2025,453
White-Bump Nudibranch ,Sea Slugs,Molluscs Shells Mollusks Nudibranchs,,Animalia,Mollusca,Gastropoda,,Nudiobranchia,SEASLUX,WHITBUM,7,7,Pre-2025,438
White-Margin Nudibranch ,Sea Slugs,Molluscs Shells Mollusks Nudibranchs,,Animalia,Mollusca,Gastropoda,,Nudiobranchia,SEASLUX,WHITMAR,7,7,Pre-2025,446
White-Speckled Sea Hare,Sea Slugs,Molluscs Shells Mollusks Hares,Aplysiidae,Animalia,Mollusca,Gastropoda,,Anaspidea,SEASLUX,WHITSPE,7,7,Pre-2025,414
White-Spotted Nudibranch ,Sea Slugs,Molluscs Shells Mollusks Nudibranchs,,Animalia,Mollusca,Gastropoda,,Nudiobranchia,SEASLUX,WHITSPO,7,7,Pre-2025,437
Yellow Diversidoris ,Sea Slugs,Molluscs Shells Mollusks,,Animalia,Mollusca,Gastropoda,,Nudiobranchia,SEASLUX,YELLDIV,7,7,Pre-2025,456
Yellow-Margin Nudibranch ,Sea Slugs,Molluscs Shells Mollusks Nudibranchs,,Animalia,Mollusca,Gastropoda,,Nudiobranchia,SEASLUX,YELLMAR,7,7,Pre-2025,436
Yellowmargin Spanish Dancer,Sea Slugs,Molluscs Shells Mollusks,Hexabranchidae,Animalia,Mollusca,Gastropoda,,Nudiobranchia,SEASLUX,YELLSPA,7,7,Pre-2025,465
,Sea Slugs,Molluscs Shells Mollusks,,,,,,,SEASLUX,,,,Post-2025,
Abbreviated Cone,Sea Snails,Molluscs Shells Mollusks,Conidae,Animalia,Mollusca,Gastropoda,Prosobranchia,,SEASNAX,ABBRCON,7,7,Pre-2025,388
Armored Dye Shell,Sea Snails,Molluscs Shells Mollusks,Muricidae,Animalia,Mollusca,Gastropoda,Prosobranchia,,SEASNAX,ARMODYE,7,7,Pre-2025,376
Black Nerite,Sea Snails,Molluscs Shells Mollusks,Neritidae,Animalia,Mollusca,Gastropoda,Prosobranchia,,SEASNAX,BLACNER,7,7,Pre-2025,329
Black-Foot Opihi,Sea Snails,Molluscs Shells Mollusks,Lottiidae,Animalia,Mollusca,Gastropoda,Prosobranchia,,SEASNAX,BLACFOO,7,7,Pre-2025,323
Brilliant Drupe ,Sea Snails,Molluscs Shells Mollusks,,Animalia,Mollusca,Gastropoda,Prosobranchia,,SEASNAX,BRILDRU,7,7,Pre-2025,375
Burnt Murex,Sea Snails,Molluscs Shells Mollusks,Muricidae,Animalia,Mollusca,Gastropoda,Prosobranchia,,SEASNAX,BURNMUR,7,7,Pre-2025,379
Calf Cowry,Sea Snails,Molluscs Shells Mollusks Coweries,Cypraeidae,Animalia,Mollusca,Gastropoda,Prosobranchia,,SEASNAX,CALFCOW,7,7,Pre-2025,353
Chinese Cowry,Sea Snails,Molluscs Shells Mollusks Coweries,Cypraeidae,Animalia,Mollusca,Gastropoda,Prosobranchia,,SEASNAX,CHINCOW,7,7,Pre-2025,359
Cone Shell,Sea Snails,Molluscs Shells Mollusks,Conidae,Animalia,Mollusca,Gastropoda,Prosobranchia,,SEASNAX,CONESHE,,,Post-2025,
Conical Hoof Shell,Sea Snails,Molluscs Shells Mollusks,Hipponicidae,Animalia,Mollusca,Gastropoda,Prosobranchia,,SEASNAX,CONIHOO,7,7,Pre-2025,340
Distorted Triton,Sea Snails,Molluscs Shells Mollusks,Cymatiidae,Animalia,Mollusca,Gastropoda,Prosobranchia,,SEASNAX,DISTTRI,7,7,Pre-2025,370
Dotted Periwinkle,Sea Snails,Molluscs Shells Mollusks,Littorinidae,Animalia,Mollusca,Gastropoda,Prosobranchia,,SEASNAX,DOTTPER,7,7,Pre-2025,331
Episcopal Miter,Sea Snails,Molluscs Shells Mollusks,Mitridae,Animalia,Mollusca,Gastropoda,Prosobranchia,,SEASNAX,EPISMIT,7,7,Pre-2025,385
False Opihi,Sea Snails,Molluscs Shells Mollusks,Lottiidae,Animalia,Mollusca,Gastropoda,Prosobranchia,,SEASNAX,FALSOPI,7,7,Pre-2025,326
Flea Cone,Sea Snails,Molluscs Shells Mollusks,Conidae,Animalia,Mollusca,Gastropoda,Prosobranchia,,SEASNAX,FLEACON,7,7,Pre-2025,397
Fringed Cowry ,Sea Snails,Molluscs Shells Mollusks Coweries,,Animalia,Mollusca,Gastropoda,Prosobranchia,,SEASNAX,FRINCOW,7,7,Pre-2025,360
Gaskoin's Cowry,Sea Snails,Molluscs Shells Mollusks Coweries,Cypraeidae,Animalia,Mollusca,Gastropoda,Prosobranchia,,SEASNAX,GASKCOW,7,7,Pre-2025,344
Giant Opihi,Sea Snails,Molluscs Shells Mollusks,Lottiidae,Animalia,Mollusca,Gastropoda,Prosobranchia,,SEASNAX,GIANOPI,7,7,Pre-2025,325
Gould's Auger,Sea Snails,Molluscs Shells Mollusks Augers,Terebridae,Animalia,Mollusca,Gastropoda,Prosobranchia,,SEASNAX,GOULAUG,7,7,Pre-2025,401
Granular Drupe ,Sea Snails,Molluscs Shells Mollusks,,Animalia,Mollusca,Gastropoda,Prosobranchia,,SEASNAX,GRANDRU,7,7,Pre-2025,377
Granulated Cowry,Sea Snails,Molluscs Shells Mollusks Coweries,Cypraeidae,Animalia,Mollusca,Gastropoda,Prosobranchia,,SEASNAX,GRANCOW,7,7,Pre-2025,345
Grape Morula,Sea Snails,Molluscs Shells Mollusks,Muricidae,Animalia,Mollusca,Gastropoda,Prosobranchia,,SEASNAX,GRAPMOR,7,7,Pre-2025,378
Groove-Tooth Cowry,Sea Snails,Molluscs Shells Mollusks Coweries,Cypraeidae,Animalia,Mollusca,Gastropoda,Prosobranchia,,SEASNAX,GROOTOO,7,7,Pre-2025,352
Half-Swimmer Cowry,Sea Snails,Molluscs Shells Mollusks Coweries,Cypraeidae,Animalia,Mollusca,Gastropoda,Prosobranchia,,SEASNAX,HALFSWI,7,7,Pre-2025,362
Hawaiian Checkered Cowry,Sea Snails,Molluscs Shells Mollusks Coweries,Cypraeidae,Animalia,Mollusca,Gastropoda,Prosobranchia,,SEASNAX,HAWACHE,7,7,Pre-2025,348
Hawaiian Honey Cowry,Sea Snails,Molluscs Shells Mollusks Coweries,Cypraeidae,Animalia,Mollusca,Gastropoda,Prosobranchia,,SEASNAX,HAWAHON,7,7,Pre-2025,346
Hawaiian Leviathan Cowry,Sea Snails,Molluscs Shells Mollusks Coweries,Cypraeidae,Animalia,Mollusca,Gastropoda,Prosobranchia,,SEASNAX,HAWALEV,7,7,Pre-2025,350
Hawaiian Reticulated Cowry,Sea Snails,Molluscs Shells Mollusks Coweries,Cypraeidae,Animalia,Mollusca,Gastropoda,Prosobranchia,,SEASNAX,HAWARET,7,7,Pre-2025,355
Hawaiian Snakehead Cowry,Sea Snails,Molluscs Shells Mollusks Coweries,Cypraeidae,Animalia,Mollusca,Gastropoda,Prosobranchia,,SEASNAX,HAWASNA,7,7,Pre-2025,357
Hawaiian Stomb,Sea Snails,Molluscs Shells Mollusks,,Animalia,Mollusca,Gastropoda,Prosobranchia,,SEASNAX,HAWASTO,7,7,Pre-2025,341
Hawaiian Tiger Cowry,Sea Snails,Molluscs Shells Mollusks Coweries,Cypraeidae,Animalia,Mollusca,Gastropoda,Prosobranchia,,SEASNAX,HAWATIG,7,7,Pre-2025,343
Hawaiian Turban,Sea Snails,Molluscs Shells Mollusks,Turbinidae,Animalia,Mollusca,Gastropoda,Prosobranchia,,SEASNAX,HAWATUR,7,7,Pre-2025,328
Hebrew Cone,Sea Snails,Molluscs Shells Mollusks,Conidae,Animalia,Mollusca,Gastropoda,Prosobranchia,,SEASNAX,HEBRCON,7,7,Pre-2025,389
Hooked Wentletrap,Sea Snails,Molluscs Shells Mollusks,Epitoniidae,Animalia,Mollusca,Gastropoda,Prosobranchia,,SEASNAX,HOOKWEN,7,7,Pre-2025,335
Horned Helmet,Sea Snails,Molluscs Shells Mollusks,Cassidae,Animalia,Mollusca,Gastropoda,Prosobranchia,,SEASNAX,HORNHEL,7,7,Pre-2025,366
Humpback Cowry,Sea Snails,Molluscs Shells Mollusks Coweries,Cypraeidae,Animalia,Mollusca,Gastropoda,Prosobranchia,,SEASNAX,HUMPCOW,7,7,Pre-2025,356
Imperial Cone,Sea Snails,Molluscs Shells Mollusks,Conidae,Animalia,Mollusca,Gastropoda,Prosobranchia,,SEASNAX,IMPECON,7,7,Pre-2025,391
Isabella's Cowry,Sea Snails,Molluscs Shells Mollusks Coweries,Cypraeidae,Animalia,Mollusca,Gastropoda,Prosobranchia,,SEASNAX,ISABCOW,7,7,Pre-2025,349
Jester Cowry,Sea Snails,Molluscs Shells Mollusks Coweries,Cypraeidae,Animalia,Mollusca,Gastropoda,Prosobranchia,,SEASNAX,JESTCOW,7,7,Pre-2025,354
Knobby Spindle,Sea Snails,Molluscs Shells Mollusks,Fasciolariidae,Animalia,Mollusca,Gastropoda,Prosobranchia,,SEASNAX,KNOBSPI,7,7,Pre-2025,383
Leopard Cone,Sea Snails,Molluscs Shells Mollusks,Conidae,Animalia,Mollusca,Gastropoda,Prosobranchia,,SEASNAX,LEOPCON,7,7,Pre-2025,392
Linckia Snail,Sea Snails,Molluscs Shells Mollusks,Eulimidae,Animalia,Mollusca,Gastropoda,Prosobranchia,,SEASNAX,LINCSNA,7,7,Pre-2025,338
Love Harp,Sea Snails,Molluscs Shells Mollusks,Harpidae,Animalia,Mollusca,Gastropoda,Prosobranchia,,SEASNAX,LOVEHAR,7,7,Pre-2025,384
Marbled Cone,Sea Snails,Molluscs Shells Mollusks,Conidae,Animalia,Mollusca,Gastropoda,Prosobranchia,,SEASNAX,MARBCON,7,7,Pre-2025,394
Marlinspike Auger,Sea Snails,Molluscs Shells Mollusks Augers,Terebridae,Animalia,Mollusca,Gastropoda,Prosobranchia,,SEASNAX,MARLAUG,7,7,Pre-2025,403
Maui Cowry,Sea Snails,Molluscs Shells Mollusks Coweries,Cypraeidae,Animalia,Mollusca,Gastropoda,Prosobranchia,,SEASNAX,MAUICOW,7,7,Pre-2025,361
Maui Spindle ,Sea Snails,Molluscs Shells Mollusks,,Animalia,Mollusca,Gastropoda,Prosobranchia,,SEASNAX,MAUISPI,7,7,Pre-2025,382
Mole Cowry,Sea Snails,Molluscs Shells Mollusks Coweries,Cypraeidae,Animalia,Mollusca,Gastropoda,Prosobranchia,,SEASNAX,MOLECOW,7,7,Pre-2025,365
Money Cowry,Sea Snails,Molluscs Shells Mollusks Coweries,Cypraeidae,Animalia,Mollusca,Gastropoda,Prosobranchia,,SEASNAX,MONECOW,7,7,Pre-2025,358
Mulberry Drupe ,Sea Snails,Molluscs Shells Mollusks,,Animalia,Mollusca,Gastropoda,Prosobranchia,,SEASNAX,MULBDRU,7,7,Pre-2025,373
Nicobar Triton,Sea Snails,Molluscs Shells Mollusks,Cymatiidae,Animalia,Mollusca,Gastropoda,Prosobranchia,,SEASNAX,NICOTRI,7,7,Pre-2025,369
Oak Cone,Sea Snails,Molluscs Shells Mollusks,Conidae,Animalia,Mollusca,Gastropoda,Prosobranchia,,SEASNAX,OAKCONX,7,7,Pre-2025,398
Orange Hairy Triton,Sea Snails,Molluscs Shells Mollusks,Cymatiidae,Animalia,Mollusca,Gastropoda,Prosobranchia,,SEASNAX,ORANHAI,7,7,Pre-2025,371
Ostergaad's Cowry ,Sea Snails,Molluscs Shells Mollusks Coweries,,Animalia,Mollusca,Gastropoda,Prosobranchia,,SEASNAX,OSTECOW,7,7,Pre-2025,347
Partridge Tun,Sea Snails,Molluscs Shells Mollusks,Tonnidae,Animalia,Mollusca,Gastropoda,Prosobranchia,,SEASNAX,PARTTUN,7,7,Pre-2025,372
Pele's Murex,Sea Snails,Molluscs Shells Mollusks,Muricidae,Animalia,Mollusca,Gastropoda,Prosobranchia,,SEASNAX,PELEMUR,7,7,Pre-2025,380
Penniform Cone,Sea Snails,Molluscs Shells Mollusks,Conidae,Animalia,Mollusca,Gastropoda,Prosobranchia,,SEASNAX,PENNCON,7,7,Pre-2025,396
Pimpled Basket,Sea Snails,Molluscs Shells Mollusks,Nassariidae,Animalia,Mollusca,Gastropoda,Prosobranchia,,SEASNAX,PIMPBAS,7,7,Pre-2025,381
Polished Nerite,Sea Snails,Molluscs Shells Mollusks,Neritidae,Animalia,Mollusca,Gastropoda,Prosobranchia,,SEASNAX,POLINER,7,7,Pre-2025,330
Polynesian Helmet,Sea Snails,Molluscs Shells Mollusks,Cassidae,Animalia,Mollusca,Gastropoda,Prosobranchia,,SEASNAX,POLYHEL,7,7,Pre-2025,367
Prickly Horn,Sea Snails,Molluscs Shells Mollusks,Muricidae,Animalia,Mollusca,Gastropoda,Prosobranchia,,SEASNAX,PRICHOR,7,7,Pre-2025,333
Punctured Miter,Sea Snails,Molluscs Shells Mollusks,Mitridae,Animalia,Mollusca,Gastropoda,Prosobranchia,,SEASNAX,PUNCMIT,7,7,Pre-2025,386
Rashleigh's Cowry ,Sea Snails,Molluscs Shells Mollusks Coweries,,Animalia,Mollusca,Gastropoda,Prosobranchia,,SEASNAX,RASHCOW,7,7,Pre-2025,364
Rusty Miter,Sea Snails,Molluscs Shells Mollusks,Mitridae,Animalia,Mollusca,Gastropoda,Prosobranchia,,SEASNAX,RUSTMIT,7,7,Pre-2025,387
Schilders' Cowry,Sea Snails,Molluscs Shells Mollusks Coweries,Cypraeidae,Animalia,Mollusca,Gastropoda,Prosobranchia,,SEASNAX,SCHICOW,7,7,Pre-2025,351
Sea Cucumber Snail,Sea Snails,Molluscs Shells Mollusks,Eulimidae,Animalia,Mollusca,Gastropoda,Prosobranchia,,SEASNAX,SEACUCX,7,7,Pre-2025,337
Shingly Hoof Shell,Sea Snails,Molluscs Shells Mollusks,Hipponicidae,Animalia,Mollusca,Gastropoda,Prosobranchia,,SEASNAX,SHINHOO,7,7,Pre-2025,339
Soldier Cone,Sea Snails,Molluscs Shells Mollusks,Conidae,Animalia,Mollusca,Gastropoda,Prosobranchia,,SEASNAX,SOLDCON,7,7,Pre-2025,395
Spiteful Cone,Sea Snails,Molluscs Shells Mollusks,Conidae,Animalia,Mollusca,Gastropoda,Prosobranchia,,SEASNAX,SPITCON,7,7,Pre-2025,393
Spotted Drupe ,Sea Snails,Molluscs Shells Mollusks,,Animalia,Mollusca,Gastropoda,Prosobranchia,,SEASNAX,SPOTDRU,7,7,Pre-2025,374
Spotted Stomb,Sea Snails,Molluscs Shells Mollusks,,Animalia,Mollusca,Gastropoda,Prosobranchia,,SEASNAX,SPOTSTO,7,7,Pre-2025,342
Striated Cone,Sea Snails,Molluscs Shells Mollusks,Conidae,Animalia,Mollusca,Gastropoda,Prosobranchia,,SEASNAX,STRICON,7,7,Pre-2025,399
Textile Cone,Sea Snails,Molluscs Shells Mollusks,Conidae,Animalia,Mollusca,Gastropoda,Prosobranchia,,SEASNAX,TEXTCON,7,7,Pre-2025,400
Translucent Cowry,Sea Snails,Molluscs Shells Mollusks Coweries,Cypraeidae,Animalia,Mollusca,Gastropoda,Prosobranchia,,SEASNAX,TRANCOW,7,7,Pre-2025,363
Triton's Trumpet,Sea Snails,Molluscs Shells Mollusks,Cymatiidae,Animalia,Mollusca,Gastropoda,Prosobranchia,,SEASNAX,TRITTRU,7,7,Pre-2025,368
Variable Worm Snail,Sea Snails,Molluscs Shells Mollusks,Vermetidae,Animalia,Mollusca,Gastropoda,Prosobranchia,,SEASNAX,VARIWOR,7,7,Pre-2025,332
Violet Snail,Sea Snails,Molluscs Shells Mollusks,Janthinidae,Animalia,Mollusca,Gastropoda,Prosobranchia,,SEASNAX,VIOLSNA,7,7,Pre-2025,336
White-Spotted Auger,Sea Snails,Molluscs Shells Mollusks Augers,Terebridae,Animalia,Mollusca,Gastropoda,Prosobranchia,,SEASNAX,WHITSPO,7,7,Pre-2025,402
Woven Top,Sea Snails,Molluscs Shells Mollusks,Trochidae,Animalia,Mollusca,Gastropoda,Prosobranchia,,SEASNAX,WOVETOP,7,7,Pre-2025,327
Yellow Cone,Sea Snails,Molluscs Shells Mollusks,Conidae,Animalia,Mollusca,Gastropoda,Prosobranchia,,SEASNAX,YELLCON,7,7,Pre-2025,390
Yellow-Foot Opihi,Sea Snails,Molluscs Shells Mollusks,Lottiidae,Animalia,Mollusca,Gastropoda,Prosobranchia,,SEASNAX,YELLFOO,7,7,Pre-2025,324
Zebra Horn ,Sea Snails,Molluscs Shells Mollusks,,Animalia,Mollusca,Gastropoda,Prosobranchia,,SEASNAX,ZEBRHOR,7,7,Pre-2025,334
,Sea Snails,Molluscs Shells Mollusks,,,,,,,SEASNAX,,,,Post-2025,
Catala's Star,Sea Stars,Starfishes Echinoderms,Goniasteridae,Animalia,Echinodermata,Asteroidea,,,SEASTAX,CATASTA,7,7,Pre-2025,669
Crown-Of-Thorns Star,Sea Stars,Starfishes Echinoderms,Acanthasteridae,Animalia,Echinodermata,Asteroidea,,,ACANTHA,COTSTAR,7,7,Pre-2025,661
Cushion Star,Sea Stars,Starfishes Echinoderms,Goniasteridae,Animalia,Echinodermata,Asteroidea,,,SEASTAX,CUSHSTA,7,7,Pre-2025,675
Cylindrical Star,Sea Stars,Starfishes Echinoderms,Ophidiasteridae,Animalia,Echinodermata,Asteroidea,,,SEASTAX,CYLISTA,7,7,Pre-2025,673
Dwarf Star,Sea Stars,Starfishes Echinoderms,Asterinidae,Animalia,Echinodermata,Asteroidea,,,SEASTAX,DWARSTA,7,7,Pre-2025,663
Fisher's Star,Sea Stars,Starfishes Echinoderms,Asteropseidae,Animalia,Echinodermata,Asteroidea,,,SEASTAX,FISHSTA,7,7,Pre-2025,668
Green Linckia ,Sea Stars,Starfishes Echinoderms,,Animalia,Echinodermata,Asteroidea,,,SEASTAX,GREELIN,7,7,Pre-2025,672
Hawaiian Sand Star,Sea Stars,Starfishes Echinoderms,Luidiidae,Animalia,Echinodermata,Asteroidea,,,SEASTAX,HAWASAN,7,7,Pre-2025,666
Hemprich's Star,Sea Stars,Starfishes Echinoderms,Ophidiasteridae,Animalia,Echinodermata,Asteroidea,,,SEASTAX,HEMPSTA,7,7,Pre-2025,674
Knobby Star,Sea Stars,Starfishes Echinoderms,Oreasteridae,Animalia,Echinodermata,Asteroidea,,,SEASTAX,KNOBSTA,7,7,Pre-2025,676
Long-Arm Brittle Star,Sea Stars,Starfishes Echinoderms,Ophiotrichidae,Animalia,Echinodermata,Ophiuroidea,,,SEASTAX,LONGARM,7,7,Pre-2025,681
Magnificent Star,Sea Stars,Starfishes Echinoderms,Oreasteridae,Animalia,Echinodermata,Asteroidea,,,SEASTAX,MAGNSTA,7,7,Pre-2025,667
Pied Brittle Star,Sea Stars,Starfishes Echinoderms,Ophiocomidae,Animalia,Echinodermata,Ophiuroidea,,,SEASTAX,PIEDBRI,7,7,Pre-2025,680
Purple Velvet Star,Sea Stars,Starfishes Echinoderms,Asterinidae,Animalia,Echinodermata,Asteroidea,,,SEASTAX,PURPVEL,7,7,Pre-2025,671
Red Velvet Star,Sea Stars,Starfishes Echinoderms,Asterinidae,Animalia,Echinodermata,Asteroidea,,,SEASTAX,REDVELX,7,7,Pre-2025,670
Reticulated Brittle Star,Sea Stars,Starfishes Echinoderms,Ophiocomidae,Animalia,Echinodermata,Ophiuroidea,,,SEASTAX,RETIBRI,7,7,Pre-2025,677
Sheriff-Badge Star,Sea Stars,Starfishes Echinoderms,Asteropseidae,Animalia,Echinodermata,Asteroidea,,,SEASTAX,SHERBAD,7,7,Pre-2025,664
Spiny Brittle Star,Sea Stars,Starfishes Echinoderms,Ophiotrichidae,Animalia,Echinodermata,Ophiuroidea,,,SEASTAX,SPINBRI,7,7,Pre-2025,679
Sponge Brittle Star,Sea Stars,Starfishes Echinoderms,Ophiotrichidae,Animalia,Echinodermata,Ophiuroidea,,,SEASTAX,SPONBRI,7,7,Pre-2025,682
Spotted Linckia,Sea Stars,Starfishes Echinoderms,Ophidiasteridae,Animalia,Echinodermata,Asteroidea,,,SEASTAR,SPOTLNK,7,7,Pre-2025,154
Striated Star,Sea Stars,Starfishes Echinoderms,Echinasteridae,Animalia,Echinodermata,Asteroidea,,,SEASTAX,STRISTA,7,7,Pre-2025,665
Toenail Star,Sea Stars,Starfishes Echinoderms,Asterinidae,Animalia,Echinodermata,Asteroidea,,,SEASTAX,TOENSTA,7,7,Pre-2025,662
Toothed Brittle Star,Sea Stars,Starfishes Echinoderms,Ophiactidae,Animalia,Echinodermata,Ophiuroidea,,,SEASTAX,TOOTBRI,7,7,Pre-2025,678
,Sea Stars,Starfishes Echinoderms,,,,,,,SEASTAX,,,,Post-2025,
Green Turtle,Sea Turtles,Honu Hawaiian Green Sea Turtle,Cheloniidae,Animalia,Chordata,,,,SEATURT,GRETURT,7,7,Pre-2025,155
Hawksbill Turtle,Sea Turtles,Honu,,Animalia,Chordata,,,,SEATURT,HAWTURT,7,7,Post-2025,
,Sea Turtles,,,Animalia,Chordata,,,,SEATURT,,0,0,Post-2025,
Banded Urchin,Sea Urchins,Echinoderms,Toxopneustidae,Animalia,Echinodermata,Echinoidea,,,DIADEMA,BANEDUR,7,7,Pre-2025,58
Blue-Black Urchin,Sea Urchins,Echinoderms,Diadematidae,Animalia,Echinodermata,Echinoidea,,,DIADEMA,BLBLKUR,7,7,Pre-2025,59
Blue-Spotted Urchin,Sea Urchins,Echinoderms,Toxopneustidae,Animalia,Echinodermata,Echinoidea,,,DIADEMA,BLUURCH,7,7,Pre-2025,60
Collector Urchin,Sea Urchins,Echinoderms,Toxopneustidae,Animalia,Echinodermata,Echinoidea,,,SEAURCX,COLLURC,7,7,Pre-2025,686
Fine-Spined Urchin,Sea Urchins,Echinoderms,Toxopneustidae,Animalia,Echinodermata,Echinoidea,,,DIADEMA,FINSPUR,7,7,Pre-2025,61
Half-Star Heart Urchin,Sea Urchins,Echinoderms,Brissidae,Animalia,Echinodermata,Echinoidea,,,SEAURCX,HALFSTA,7,7,Pre-2025,689
Hawaiian Lovenia,Sea Urchins,Echinoderms,Brissidae,Animalia,Echinodermata,Echinoidea,,,SEAURCX,HAWALOV,7,7,Pre-2025,690
Helmet Urchin,Sea Urchins,Echinoderms Shingle Urchin Armored Urchin,Echinothuriidae,Animalia,Echinodermata,Echinoidea,,,ECHINOM,HLMETUR,7,7,Pre-2025,63
Kelled Heart Urchin,Sea Urchins,Echinoderms,Brissidae,Animalia,Echinodermata,Echinoidea,,,SEAURCX,KELLHEA,7,7,Pre-2025,688
Long-Spined Urchin,Sea Urchins,Echinoderms,Diadematidae,Animalia,Echinodermata,Echinoidea,,,DIADEMA,LNGSPUR,7,7,Pre-2025,62
Needle-Spined Urchin,Sea Urchins,Echinoderms,Diadematidae,Animalia,Echinodermata,Echinoidea,,,ECHINOM,NDLSPUR,7,7,Pre-2025,64
Oblong Urchin,Sea Urchins,Echinoderms,Toxopneustidae,Animalia,Echinodermata,Echinoidea,,,ECHINOM,OBLNGUR,7,7,Pre-2025,65
Pebble Collector Urchin,Sea Urchins,Echinoderms,Toxopneustidae,Animalia,Echinodermata,Echinoidea,,,SEAURCX,PEBBCOL,7,7,Pre-2025,685
Red Pencil Urchin,Sea Urchins,Echinoderms Slate Pencil Urchin,Cidaridae,Animalia,Echinodermata,Echinoidea,,,ECHINOM,PENURCH,7,7,Pre-2025,66
Reticulated Sea Biscuit ,Sea Urchins,Echinoderms,,Animalia,Echinodermata,Echinoidea,,,SEAURCX,RETISEA,7,7,Pre-2025,691
Rock-Boring Urchin,Sea Urchins,Echinoderms,Echinometridae,Animalia,Echinodermata,Echinoidea,,,ECHINOM,ROKBRUR,7,7,Pre-2025,67
Rough-Spined Urchin,Sea Urchins,Echinoderms,Toxopneustidae,Animalia,Echinodermata,Echinoidea,,,SEAURCX,ROUGSPI,7,7,Pre-2025,683
Round-Mouth Bean Urchin,Sea Urchins,Echinoderms,Brissidae,Animalia,Echinodermata,Echinoidea,,,SEAURCX,ROUNMOU,7,7,Pre-2025,687
Ten-lined Urchin,Sea Urchins,Echinoderms,Toxopneustidae,Animalia,Echinodermata,Echinoidea,,,CIDARID,TENLNUR,7,7,Pre-2025,41
Thomas's Urchin,Sea Urchins,Echinoderms,Toxopneustidae,Animalia,Echinodermata,Echinoidea,,,CIDARID,THOMSUR,7,7,Pre-2025,42
Warty Sand Urchin,Sea Urchins,Echinoderms,Fibulariidae,Animalia,Echinodermata,Echinoidea,,,SEAURCX,WARTSAN,7,7,Pre-2025,684
,Sea Urchins,Echinoderms,,Animalia,Echinodermata,Holothuroidea,,,SEAURCX,,,,Post-2025,
Smooth Seahorse,Seahorses,Fish,Syngnathidae,Animalia,Chordata,,,,PIPSHOR,SMOPIPE,7,7,Post-2025,
,Seahorses,Fish,Syngnathidae,Animalia,Chordata,,,,PIPSHOR,,0,7,Pre-2025,132
Blacktip Reef Shark,Sharks,Fish,"Carcharhinidae, Rhincodontidae, Sphyrnidae",Animalia,Chordata,,,,SHARKFI,BLACKSH,7,7,Post-2025,
Whitetip Reef Shark,Sharks,Fish,"Carcharhinidae, Rhincodontidae, Sphyrnidae",Animalia,Chordata,,,,SHARKFI,WHITESH,7,7,Post-2025,
,Sharks,Fish,"Carcharhinidae, Rhincodontidae, Sphyrnidae",Animalia,Chordata,,,,SHARKFI,,0,7,Pre-2025,156
Banded Coral Shrimp,Shrimps,Crustaceans,Stenopodidae,Animalia,Arthropoda,Malacostraca,,Decapoda,SHRIMPS,BANDCOR,7,7,Pre-2025,526
Banded Hinge-Beak Shrimp,Shrimps,Crustaceans,Alpheidae,Animalia,Arthropoda,Malacostraca,,Decapoda,SHRIMPS,BANDHIN,7,7,Pre-2025,560
Barred Wire Coral Shrimp,Shrimps,Crustaceans,Palaemonidae,Animalia,Arthropoda,Malacostraca,,Decapoda,SHRIMPS,BARRWIR,7,7,Pre-2025,541
Bicolor Sand Shrimp,Shrimps,Crustaceans,Alpheidae,Animalia,Arthropoda,Malacostraca,,Decapoda,SHRIMPS,BICOSAN,7,7,Pre-2025,524
Blue Diamond Shrimp,Shrimps,Crustaceans,Alpheidae,Animalia,Arthropoda,Malacostraca,,Decapoda,SHRIMPS,BLUEDIA,7,7,Pre-2025,531
Bumblebee Shrimp,Shrimps,Crustaceans,Gnathophyllidae,Animalia,Arthropoda,Malacostraca,,Decapoda,SHRIMPS,BUMBSHR,7,7,Pre-2025,546
Candy Cane Shrimp,Shrimps,Crustaceans,Palaemonidae,Animalia,Arthropoda,Malacostraca,,Decapoda,SHRIMPS,CANDCAN,7,7,Pre-2025,556
Ciliated Mantis Shrimp,Shrimps,Crustaceans Mantis Shrimps ,Gonodactylidae,Animalia,Arthropoda,,,Stomatopoda,SHRIMPS,CILIMAN,7,7,Pre-2025,516
Clear Cleaner Shrimp,Shrimps,Crustaceans,Palaemonidae,Animalia,Arthropoda,Malacostraca,,Decapoda,SHRIMPS,CLEACLE,7,7,Pre-2025,534
Earle's Coral Shrimp,Shrimps,Crustaceans,Palaemonidae,Animalia,Arthropoda,Malacostraca,,Decapoda,SHRIMPS,EARLCOR,7,7,Pre-2025,528
Eyespot Shrimp,Shrimps,Crustaceans,Alpheidae,Animalia,Arthropoda,Malacostraca,,Decapoda,SHRIMPS,EYESSHR,7,7,Pre-2025,554
Feeble Shrimp,Shrimps,Crustaceans,Alpheidae,Animalia,Arthropoda,Malacostraca,,Decapoda,SHRIMPS,FEEBSHR,7,7,Pre-2025,532
Flameback Coral Shrimp,Shrimps,Crustaceans,Palaemonidae,Animalia,Arthropoda,Malacostraca,,Decapoda,SHRIMPS,FLAMCOR,7,7,Pre-2025,527
Flattened Coral Shrimp,Shrimps,Crustaceans,Palaemonidae,Animalia,Arthropoda,Malacostraca,,Decapoda,SHRIMPS,FLATCOR,7,7,Pre-2025,536
Flecked Wire Coral Shrimp,Shrimps,Crustaceans,Palaemonidae,Animalia,Arthropoda,Malacostraca,,Decapoda,SHRIMPS,FLECWIR,7,7,Pre-2025,542
Giant Mantis Shrimp,Shrimps,Crustaceans Mantis Shrimps ,Lysiosquillidae,Animalia,Arthropoda,,,Stomatopoda,SHRIMPS,GIANMAN,7,7,Pre-2025,517
Goby Shrimp,Shrimps,Crustaceans,Alpheidae,Animalia,Arthropoda,Malacostraca,,Decapoda,SHRIMPS,GOBYSHR,7,7,Pre-2025,552
Harlequin Shrimp,Shrimps,Crustaceans,Hymenoceridae,Animalia,Arthropoda,Malacostraca,,Decapoda,SHRIMPS,HARLSHR,7,7,Pre-2025,548
Henderson's Hinge-Beak Shrimp,Shrimps,Crustaceans,Alpheidae,Animalia,Arthropoda,Malacostraca,,Decapoda,SHRIMPS,HENDHIN,7,7,Pre-2025,562
Hiatt's Hinge-Beak Shrimp,Shrimps,Crustaceans,Alpheidae,Animalia,Arthropoda,Malacostraca,,Decapoda,SHRIMPS,HIATHIN,7,7,Pre-2025,563
Holthuis' Urchin Shrimp,Shrimps,Crustaceans,Palaemonidae,Animalia,Arthropoda,Malacostraca,,Decapoda,SHRIMPS,HOLTURC,7,7,Pre-2025,544
Hydroid Shrimp,Shrimps,Crustaceans,Palaemonidae,Animalia,Arthropoda,Malacostraca,,Decapoda,SHRIMPS,HYDRSHR,7,7,Pre-2025,539
Imperial Shrimp,Shrimps,Crustaceans,Palaemonidae,Animalia,Arthropoda,Malacostraca,,Decapoda,SHRIMPS,IMPESHR,7,7,Pre-2025,537
Jumping Sand Shrimp,Shrimps,Crustaceans,Alpheidae,Animalia,Arthropoda,Malacostraca,,Decapoda,SHRIMPS,JUMPSAN,7,7,Pre-2025,525
Long-Arm Shrimp,Shrimps,Crustaceans,Palaemonidae,Animalia,Arthropoda,Malacostraca,,Decapoda,SHRIMPS,LONGARM,7,7,Pre-2025,540
Lottin's Snapping Shrimp,Shrimps,Crustaceans,Alpheidae,Animalia,Arthropoda,Malacostraca,,Decapoda,SHRIMPS,LOTTSNA,7,7,Pre-2025,551
Marbled Shrimp,Shrimps,Crustaceans,Alpheidae,Animalia,Arthropoda,Malacostraca,,Decapoda,SHRIMPS,MARBSHR,7,7,Pre-2025,553
Margined Shrimp,Shrimps,Crustaceans,Alpheidae,Animalia,Arthropoda,Malacostraca,,Decapoda,SHRIMPS,MARGSHR,7,7,Pre-2025,522
Miner's Urchin Shrimp,Shrimps,Crustaceans,Palaemonidae,Animalia,Arthropoda,Malacostraca,,Decapoda,SHRIMPS,MINEURC,7,7,Pre-2025,545
Minstrel Shrimp,Shrimps,Crustaceans,Alpheidae,Animalia,Arthropoda,Malacostraca,,Decapoda,SHRIMPS,MINSSHR,7,7,Pre-2025,523
Mysids,Shrimps,Crustaceans,Mysidae,Animalia,Arthropoda,Malacostraca,,Mysidacea,SHRIMPS,MYSIDSX,7,7,Pre-2025,521
Orange-Banded Snapping Shrimp,Shrimps,Crustaceans,Alpheidae,Animalia,Arthropoda,Malacostraca,,Decapoda,SHRIMPS,ORANBAN,7,7,Pre-2025,550
Petroglyph Shrimp,Shrimps,Crustaceans,Alpheidae,Animalia,Antropoda,Crustacea,,,SHRIMPS,PTSHRMP,7,7,Pre-2025,157
Petroglyph Shrimp,Shrimps,Crustaceans,Alpheidae,Animalia,Arthropoda,Malacostraca,,Decapoda,SHRIMPS,PETRSHR,,,Post-2025,
Philippine Mantis Shrimp,Shrimps,Crustaceans Mantis Shrimps ,Gonodactylidae,Animalia,Arthropoda,,,Stomatopoda,SHRIMPS,PHILMAN,7,7,Pre-2025,518
Rathbun's Hinge-Beak Shrimp,Shrimps,Crustaceans,Alpheidae,Animalia,Arthropoda,Malacostraca,,Decapoda,SHRIMPS,RATHHIN,7,7,Pre-2025,565
Red Pencil Urchin Shrimp,Shrimps,Crustaceans,Palaemonidae,Animalia,Arthropoda,Malacostraca,,Decapoda,SHRIMPS,REDPENX,7,7,Pre-2025,549
Red Pond Shrimp,Shrimps,Crustaceans,Atyidae,Animalia,Arthropoda,Malacostraca,,Decapoda,SHRIMPS,REDPONX,7,7,Pre-2025,529
Sea Star Shrimp,Shrimps,Crustaceans,Palaemonidae,Animalia,Arthropoda,Malacostraca,,Decapoda,SHRIMPS,SEASTAX,7,7,Pre-2025,538
Shortnose Mantis Shrimp,Shrimps,Crustaceans Mantis Shrimps ,Lysiosquillidae,Animalia,Arthropoda,,,Stomatopoda,SHRIMPS,SHORMAN,7,7,Pre-2025,519
Spotted Cave Shrimp,Shrimps,Crustaceans,Alpheidae,Animalia,Arthropoda,Malacostraca,,Decapoda,SHRIMPS,SPOTCAV,7,7,Pre-2025,547
Spotted Cleaner Shrimp,Shrimps,Crustaceans,Palaemonidae,Animalia,Arthropoda,Malacostraca,,Decapoda,SHRIMPS,SPOTCLE,7,7,Pre-2025,535
Squat Anemone Shrimp,Shrimps,Crustaceans,Palaemonidae,Animalia,Arthropoda,Malacostraca,,Decapoda,SHRIMPS,SQUAANE,7,7,Pre-2025,555
Starry Cleaner Shrimp,Shrimps,Crustaceans,Palaemonidae,Animalia,Arthropoda,Malacostraca,,Decapoda,SHRIMPS,STARCLE,7,7,Pre-2025,558
Starry Hinge-Beak Shrimp,Shrimps,Crustaceans,Alpheidae,Animalia,Arthropoda,Malacostraca,,Decapoda,SHRIMPS,STARHIN,7,7,Pre-2025,561
Tiger Shrimp,Shrimps,Crustaceans,Alpheidae,Animalia,Arthropoda,Malacostraca,,Decapoda,SHRIMPS,TIGESHR,7,7,Pre-2025,533
Two-Claw Shrimp,Shrimps,Crustaceans,Alpheidae,Animalia,Arthropoda,Malacostraca,,Decapoda,SHRIMPS,TWOCLAX,7,7,Pre-2025,530
Undescribed Hinge-Beak Shrimp,Shrimps,Crustaceans,Alpheidae,Animalia,Arthropoda,Malacostraca,,Decapoda,SHRIMPS,UNDEHIN,7,7,Pre-2025,564
Uniform Hinge-Beak Shrimp,Shrimps,Crustaceans,Alpheidae,Animalia,Arthropoda,Malacostraca,,Decapoda,SHRIMPS,UNIFHIN,7,7,Pre-2025,559
Urchin-Tail Mantis Shrimp,Shrimps,Crustaceans Mantis Shrimps ,Gonodactylidae,Animalia,Arthropoda,,,Stomatopoda,SHRIMPS,URCHTAI,7,7,Pre-2025,520
White-Stripe Cleaner Shrimp,Shrimps,Crustaceans,Palaemonidae,Animalia,Arthropoda,Malacostraca,,Decapoda,SHRIMPS,WHITSTR,7,7,Pre-2025,557
White-Stripe Urchin Shrimp,Shrimps,Crustaceans,Palaemonidae,Animalia,Arthropoda,Malacostraca,,Decapoda,SHRIMPS,WHITSTR,7,7,Pre-2025,543
,Shrimps,Crustaceans,,Animalia,Arthropoda,Malacostraca,,Decapoda,SHRIMPS,,,,Post-2025,
Pacific Portuguese Man-Of-War,Siphonophoras,Cnidarians,,,,,,,SIPHONO,PACIPOR,,,Post-2025,
,Siphonophoras,Cnidarians,,,,,,,SIPHONO,,0,7,Post-2025,
Blacktail Snapper,Snappers,Fish Flametail Snapper ,"Lutjanidae, Lethrinidae",Animalia,Chordata,,,,SNAPPER,BLCKSNP,7,7,Pre-2025,159
Bluestripe Snapper,Snappers,Fish,"Lutjanidae, Lethrinidae",Animalia,Chordata,,,,SNAPPER,BLSTSNP,7,7,Pre-2025,160
,Snappers,Fish,"Lutjanidae, Lethrinidae",Animalia,Chordata,,,,SNAPPER,,0,7,Post-2025,
Blue Octocoral ,Soft Corals,Cnidarians,,Animalia,Cnidaria,Anthozoa,Octocorallia,Alcyonacea,SOFTCOR,BLUEOCT,7,7,Pre-2025,258
Dense Leather Coral,Soft Corals,Cnidarians,Alcyoniidae,Animalia,Cnidaria,Anthozoa,Octocorallia,Alcyonacea,SOFTCOR,LETHRCR,7,7,Pre-2025,257
Snowflake Coral,Soft Corals,Cnidarians,Nephtheidae,Animalia,Cnidaria,Anthozoa,Octocorallia,Telestacea,SOFTCOR,SNWFLCR,7,7,Pre-2025,256
,Soft Corals,Cnidarians,,,,,,,SOFTCOR,,0,7,Post-2025,
Brick Soldierfish,Soldierfishes,Fish,Holocentridae,Animalia,Chordata,,,,SOLDIER,BRICKSQ,7,7,Post-2025,
,Soldierfishes,Fish,Holocentridae,Animalia,Chordata,,,,SOLDIER,,0,7,Pre-2025,161
Acquisitive Sponge,Sponges,,Dictyodendrillidae,Animalia,Porifera ,Demospongiae,,Dendroceratida,SPONGES,ACQUSPO,7,7,Pre-2025,208
Amorphous Cave Sponge,Sponges,,Callyspongiidae,Animalia,Porifera ,Demospongiae,,Haplosclerida,SPONGES,AMORCAV,7,7,Pre-2025,224
Black Cave Sponge ,Sponges,,,Animalia,Porifera ,Demospongiae,,Poecilosclerida,SPONGES,BLACCAV,7,7,Pre-2025,231
Black Reef Sponge,Sponges,,Dysideidae,Animalia,Porifera ,Demospongiae,,Dictyoceratida,SPONGES,BLACREE,7,7,Pre-2025,212
Blue Dysidea,Sponges,,Dysideidae,Animalia,Porifera ,Demospongiae,,Dendroceratida,SPONGES,BLUEDYS,7,7,Pre-2025,220
Blue Sigmadocia ,Sponges,,,Animalia,Porifera ,Demospongiae,,Haplosclerida,SPONGES,BLUESIG,7,7,Pre-2025,223
Blue Suberites ,Sponges,,,Animalia,Porifera ,Demospongiae,,Hadromerida,SPONGES,BLUESUB,7,7,Pre-2025,216
Fire Sponge,Sponges,,Tedaniidae,Animalia,Porifera ,Demospongiae,,Poecilosclerida,SPONGES,FIRESPO,7,7,Pre-2025,237
Gray Cacospongia ,Sponges,,,Animalia,Porifera ,Demospongiae,,Dictyoceratida,SPONGES,GRAYCAC,7,7,Pre-2025,213
Green Batzella,Sponges,,Chalinidae,Animalia,Porifera ,Demospongiae,,Poecilosclerida,SPONGES,GREEBAT,7,7,Pre-2025,235
Meandering Sponge,Sponges,,Thorectidae,Animalia,Porifera ,Demospongiae,,Hadromerida,SPONGES,MEANSPO,7,7,Pre-2025,214
Orange Stylinos ,Sponges,,,Animalia,Porifera ,Demospongiae,,Poecilosclerida,SPONGES,ORANSTY,7,7,Pre-2025,233
Orange Suberites ,Sponges,,,Animalia,Porifera ,Demospongiae,,Hadromerida,SPONGES,ORANSUB,7,7,Pre-2025,217
Paradoxical Sponge,Sponges,,Chalinidae,Animalia,Porifera ,Demospongiae,,Halichondrida,SPONGES,PARASPO,7,7,Pre-2025,221
Pink Leucetta,Sponges,,Leucettidae,Animalia,Porifera ,Calcarea,,Clathrinida,LEUCETD,PINKLEU,7,7,Pre-2025,206
Polyp-Bearing Sponge,Sponges,,Dictyoceratida,Animalia,Porifera ,Demospongiae,,Hadromerida,SPONGES,POLYBEA,7,7,Pre-2025,219
Red Boring Sponge ,Sponges,,,Animalia,Porifera ,Demospongiae,,Poecilosclerida,SPONGES,REDBORX,7,7,Pre-2025,227
Red Mycale,Sponges,,Mycalidae,Animalia,Porifera ,Demospongiae,,Poecilosclerida,SPONGES,REDMYCX,7,7,Pre-2025,232
Red Phorbas,Sponges,,Anchinoidae,Animalia,Porifera ,Demospongiae,,Poecilosclerida,SPONGES,REDPHOX,7,7,Pre-2025,226
Sandy Hippospongia,Sponges,,Spongiidae,Animalia,Porifera ,Demospongiae,,Dictyoceratida,SPONGES,SANDHIP,7,7,Pre-2025,211
Schmidt's Lissodendoryx,Sponges,,Lissodendoryxidae,Animalia,Porifera ,Demospongiae,,Poecilosclerida,SPONGES,SCHMLIS,7,7,Pre-2025,228
Staining Sponge,Sponges,,Chalinidae,Animalia,Porifera ,Demospongiae,,Poecilosclerida,SPONGES,STAISPO,7,7,Pre-2025,234
Tan Psammoclemma,Sponges,,Chalinidae,Animalia,Porifera ,Demospongiae,,Poecilosclerida,SPONGES,TANPSAX,7,7,Pre-2025,236
Tubular Biemna,Sponges,,Biemnidae,Animalia,Porifera ,Demospongiae,,Poecilosclerida,SPONGES,TUBUBIE,7,7,Pre-2025,229
Vagabond Boring Sponge,Sponges,,Clionaidae,Animalia,Porifera ,Demospongiae,,Hadromerida,SPONGES,VAGABOR,7,7,Pre-2025,215
Vermilion Clathria,Sponges,,Microcionidae,Animalia,Porifera ,Demospongiae,,Poecilosclerida,SPONGES,VERMCLA,7,7,Pre-2025,230
Violet Callyspongia ,Sponges,,,Animalia,Porifera ,Demospongiae,,Haplosclerida,SPONGES,VIOLCAL,7,7,Pre-2025,222
Wavy Cave Sponge,Sponges,,Dictyoceratida,Animalia,Porifera ,Demospongiae,,Lithistida ,SPONGES,WAVYCAV,7,7,Pre-2025,225
White Leucetta,Sponges,,Leucettidae,Animalia,Porifera ,Calcarea,,Clathrinida,LEUCETD,WHITLEU,7,7,Pre-2025,207
Yellow Axinyssa,Sponges,,Halichondriidae,Animalia,Porifera ,Demospongiae,,Halichondrida,SPONGES,YELLAXI,7,7,Pre-2025,218
Yellow Dactylospongia,Sponges,,Thorectidae,Animalia,Porifera ,Demospongiae,,Dictyoceratida,SPONGES,YELLDAC,7,7,Pre-2025,209
Yellow Hyrtios,Sponges,,Thorectidae,Animalia,Porifera ,Demospongiae,,Dictyoceratida,SPONGES,YELLHYR,7,7,Pre-2025,210
,Sponges,,,,,,,,SPONGES,,0,7,Post-2025,
Bigfin Squid,Squids,,Ommastrephidae,Animalia,Mollusca,Cephalopoda,,Teuthoidea,SQUIDSX,BIGFSQU,7,7,Pre-2025,507
Hawaiian Bobtail Squid,Squids,,Sepiolidae,Animalia,Mollusca,Cephalopoda,,Sepioidea,SQUIDSX,HAWABOB,7,7,Pre-2025,506
Oval Squid,Squids,,Loliginidae,Animalia,Mollusca,Cephalopoda,,Sepioidea,SQUIDSX,OVALSQU,,,Post-2025,
,Squids,,,,,,,,SQUIDSX,,0,7,Post-2025,
Spotfin Squirrelfish,Squirrelfishes,Fish,Holocentridae,Animalia,Chordata,,,,SQUIREL,SPOTFSQ,7,7,Post-2025,
,Squirrelfishes,Fish,Holocentridae,Animalia,Chordata,,,,SQUIREL,,0,7,Pre-2025,161
Antler Coral,Stony Corals,Cnidarians,Acroporidae,Animalia,Cnidaria,Anthozoa,Hexacorallia,Scleractinia,STONCOR,ANTLCOR,7,7,Pre-2025,133
Bewick Coral,Stony Corals,Cnidarians,Pocilloporidae,Animalia,Cnidaria,Anthozoa,Hexacorallia,Scleractinia,STONCOR,BEWICOR,7,7,Pre-2025,76
Blue Rice Coral,Stony Corals,Cnidarians Hawaiian Blue Coral ,Acroporidae,Animalia,Cnidaria,Anthozoa,Hexacorallia,Scleractinia,STONCOR,BLUERIC,7,7,Pre-2025,1
Cauliflower Coral,Stony Corals,Cnidarians Pocillopora Meandrina,Pocilloporidae,Animalia,Cnidaria,Anthozoa,Hexacorallia,Scleractinia,STONCOR,CAULCOR,7,7,Pre-2025,134
Corrugated Coral,Stony Corals,Cnidarians,Poritidae,Animalia,Cnidaria,Anthozoa,Hexacorallia,Scleractinia,STONCOR,CORRCOR,7,7,Pre-2025,4
Evermann's Coral,Stony Corals,Cnidarians Evermanni ,Poritidae,Animalia,Cnidaria,Anthozoa,Hexacorallia,Scleractinia,STONCOR,EVERCOR,7,7,Pre-2025,139
Finger Coral,Stony Corals,Cnidarians,Poritidae,Animalia,Cnidaria,Anthozoa,Hexacorallia,Scleractinia,STONCOR,FINGCOR,7,7,Pre-2025,140
Lace Coral,Stony Corals,Cnidarians Pocillopora Damicornis,Stylasteridae,Animalia,Cnidaria,Anthozoa,Hexacorallia,Scleractinia,STONCOR,LACECOR,7,7,Pre-2025,135
Lobe Coral,Stony Corals,Cnidarians,Poritidae,Animalia,Cnidaria,Anthozoa,Hexacorallia,Scleractinia,STONCOR,LOBECOR,7,7,Pre-2025,141
Ocellated Coral,Stony Corals,Cnidarians,Acroporidae,Animalia,Cnidaria,Anthozoa,Hexacorallia,Scleractinia,STONCOR,OCELCOR,7,7,Pre-2025,77
Orange Cup Coral,Stony Corals,Cnidarians,Dendrophylliidae,Animalia,Cnidaria,Anthozoa,Hexacorallia,Scleractinia,STONCOR,ORANCUP,7,7,Pre-2025,55
Oval Cup Coral,Stony Corals,Cnidarians,Dendrophylliidae,Animalia,Cnidaria,Anthozoa,Hexacorallia,Scleractinia,STONCOR,OVALCUP,7,7,Pre-2025,56
Oval Mushroom Coral,Stony Corals,Cnidarians,Fungiidae,Animalia,Cnidaria,Anthozoa,Hexacorallia,Scleractinia,STONCOR,OVALMUS,7,7,Pre-2025,86
Pitted Coral,Stony Corals,Cnidarians,Poritidae,Animalia,Cnidaria,Anthozoa,Hexacorallia,Scleractinia,STONCOR,PITTCOR,7,7,Post-2025,
Plate-and-Knob Coral,Stony Corals,Cnidarians,Poritidae,Animalia,Cnidaria,Anthozoa,Hexacorallia,Scleractinia,STONCOR,PLATAND,7,7,Pre-2025,142
Porkchop Coral,Stony Corals,Cnidarians Duerden's Coral Flat Lobe Coral ,Poritidae,Animalia,Cnidaria,Anthozoa,Hexacorallia,Scleractinia,STONCOR,PORKCOR,7,7,Pre-2025,5
Rice Coral,Stony Corals,Cnidarians,Acroporidae,Animalia,Cnidaria,Anthozoa,Hexacorallia,Scleractinia,STONCOR,RICECOR,7,7,Pre-2025,2
Spreading Rice Coral,Stony Corals,Cnidarians Sandpaper Coral ,Acroporidae,Animalia,Cnidaria,Anthozoa,Hexacorallia,Scleractinia,STONCOR,SPRERIC,7,7,Pre-2025,3
Swelling Coral,Stony Corals,Cnidarians,Poritidae,Animalia,Cnidaria,Anthozoa,Hexacorallia,Scleractinia,STONCOR,SWELCOR,7,7,Pre-2025,6
Transverse Coral,Stony Corals,Cnidarians,Pocilloporidae,Animalia,Cnidaria,Anthozoa,Hexacorallia,Scleractinia,STONCOR,TRANCOR,7,7,Pre-2025,78
Verrill's Cup Coral,Stony Corals,Cnidarians,Dendrophylliidae,Animalia,Cnidaria,Anthozoa,Hexacorallia,Scleractinia,STONCOR,VERRCUP,7,7,Pre-2025,57
,Stony Corals,Cnidarians,,,,,,,STONCOR,,,,Post-2025,
Achilles Tang,Surgeonfishes,Fish Tangs,Acanthuridae,Animalia,Chordata,,,,SURGUNI,ACHILES,7,7,Pre-2025,162
Blueline Surgeonfish,Surgeonfishes,Fish,Acanthuridae,Animalia,Chordata,,,,SURGUNI,BLUELNE,7,7,Pre-2025,163
Bluespine Unicornfish,Surgeonfishes,Fish Unicornfishes,Acanthuridae,Animalia,Chordata,,,,SURGUNI,BLUESPN,7,7,Pre-2025,164
Brown Surgeonfish,Surgeonfishes,Fish,Acanthuridae,Animalia,Chordata,,,,SURGUNI,BROWNSR,7,7,Pre-2025,165
Convict Tang,Surgeonfishes,Fish Tangs,Acanthuridae,Animalia,Chordata,,,,SURGUNI,CONVICT,7,7,Pre-2025,166
Eyestripe Surgeonfish,Surgeonfishes,Fish,Acanthuridae,Animalia,Chordata,,,,SURGUNI,EYESTRP,7,7,Pre-2025,167
Goldrim Tang,Surgeonfishes,Fish Whitecheek Surgeonfish Tang,,Animalia,Chordata,,,,SURGUNI,GOLDRIM,7,7,Pre-2025,168
Goldring Surgeonfish,Surgeonfishes,Fish Goldring Bristletooth,Acanthuridae,Animalia,Chordata,,,,SURGUNI,GLDRING,7,7,Pre-2025,169
Orangeband Surgeonfish,Surgeonfishes,Fish,Acanthuridae,Animalia,Chordata,,,,SURGUNI,OBANDSR,7,7,Pre-2025,170
Orangespine Unicornfish,Surgeonfishes,Fish Unicornfishes,Acanthuridae,Animalia,Chordata,,,,SURGUNI,OJSPINE,7,7,Pre-2025,171
Paletail Unicornfish,Surgeonfishes,Fish Spotted Unicornfishes,,Animalia,Chordata,,,,SURGUNI,PALEUNI,7,7,Pre-2025,172
Ringtail Surgeonfish,Surgeonfishes,Fish,Acanthuridae,Animalia,Chordata,,,,SURGUNI,RNGTAIL,7,7,Pre-2025,173
Sailfin Tang,Surgeonfishes,Fish Tangs,Acanthuridae,Animalia,Chordata,,,,SURGUNI,SAILFIN,7,7,Pre-2025,174
Sleek Unicornfish,Surgeonfishes,Fish Unicornfishes,Acanthuridae,Animalia,Chordata,,,,SURGUNI,SLEEKFI,7,7,Post-2025,
Tompson's Surgeonfish,Surgeonfishes,Fish,Acanthuridae,Animalia,Chordata,,,,SURGUNI,THOMPSR,7,7,Pre-2025,175
Whitebar Suregonfish,Surgeonfishes,Fish,Acanthuridae,Animalia,Chordata,,,,SURGUNI,WHIBRSR,7,7,Post-2025,
Whitespotted Surgeonfish,Surgeonfishes,Fish,Acanthuridae,Animalia,Chordata,,,,SURGUNI,WHITESR,7,7,Pre-2025,176
Yellow Tang,Surgeonfishes,Fish Tangs,Acanthuridae,Animalia,Chordata,,,,SURGUNI,YELLOWT,7,7,Pre-2025,177
Yellowfin Surgeonfish,Surgeonfishes,Fish,Acanthuridae,Animalia,Chordata,,,,SURGUNI,YELOWSR,7,7,Pre-2025,178
,Surgeonfishes,Fish,Acanthuridae,Animalia,Chordata,,,,SURGUNI,,0,7,Post-2025,
Pacific Threadfin,Threadfins,Fish,"Mugilidae, Polynemidae",Animalia,Chordata,,,,TREADFN,PACTHRD,7,7,Pre-2025,120
,Threadfins,Fish,"Mugilidae, Polynemidae",Animalia,Chordata,,,,TREADFN,,0,7,Post-2025,
,Tilefishes,Fish,Malacanthidae,Animalia,Chordata,,,,TILFISH,,0,7,Pre-2025,179
Black Triggerfish,Triggerfishes,Fish Humuhumu eleele Black Durgon,Balistidae,Animalia,Chordata,,,,TRIGGER,BLKTRIG,7,7,Pre-2025,180
Lagoon Triggerfish,Triggerfishes,Fish Humuhumu,Balistidae,Animalia,Chordata,,,,TRIGGER,LAGTRIG,7,7,Pre-2025,181
Lei Triggerfish,Triggerfishes,Fish Whiteline Triggerfish Humuhumu Lei,Balistidae,Animalia,Chordata,,,,TRIGGER,LEITRIG,7,7,Pre-2025,184
Pinktail Triggerfish,Triggerfishes,Fish Humuhumu hiu kole Pinktail Durgon,Balistidae,Animalia,Chordata,,,,TRIGGER,PNKTRIG,7,7,Pre-2025,182
Reef Triggerfish,Triggerfishes,Fish Picasso Triggerfish Humuhumunukunukupuaa,Balistidae,Animalia,Chordata,,,,TRIGGER,REFTRIG,7,7,Post-2025,
Wedgetail Triggerfish,Triggerfishes,Fish Humuhumu,Balistidae,Animalia,Chordata,,,,TRIGGER,WDGTRIG,7,7,Pre-2025,183
,Triggerfishes,Fish,Balistidae,Animalia,Chordata,,,,TRIGGER,,0,7,Post-2025,
Areolated Xanthid Crab,True Crabs,Crustaceans,Xanthidae,Animalia,Arthropoda,Malacostraca,,Decapoda,TRUECRA,AREOXAN,7,7,Pre-2025,639
Bearded Crab,True Crabs,Crustaceans,Majidae,Animalia,Arthropoda,Malacostraca,,Decapoda,TRUECRA,BEARCRA,7,7,Pre-2025,636
Blue-Eyed Rock Crab,True Crabs,Crustaceans,Xanthidae,Animalia,Arthropoda,Malacostraca,,Decapoda,TRUECRA,BLUEEYE,7,7,Pre-2025,655
Board-Fronted Crab,True Crabs,Crustaceans,Pilumnidae,Animalia,Arthropoda,Malacostraca,,Decapoda,TRUECRA,BOARFRO,7,7,Pre-2025,644
Brown Guard Crab,True Crabs,Crustaceans,Portunidae,Animalia,Arthropoda,Malacostraca,,Decapoda,TRUECRA,BROWGUA,7,7,Pre-2025,645
Button Crab,True Crabs,Crustaceans,Xanthidae,Animalia,Arthropoda,Malacostraca,,Decapoda,TRUECRA,BUTTCRA,7,7,Pre-2025,657
Common Box Crab,True Crabs,Crustaceans,Calappidae,Animalia,Arthropoda,Malacostraca,,Decapoda,TRUECRA,COMMBOX,7,7,Pre-2025,609
Common Guard Crab,True Crabs,Crustaceans,Portunidae,Animalia,Arthropoda,Malacostraca,,Decapoda,TRUECRA,COMMGUA,7,7,Pre-2025,648
Convex Crab,True Crabs,Crustaceans,Xanthidae,Animalia,Arthropoda,Malacostraca,,Decapoda,TRUECRA,CONVCRA,7,7,Pre-2025,629
Coral Chamber Crab,True Crabs,Crustaceans,Trapezidae,Animalia,Arthropoda,Malacostraca,,Decapoda,TRUECRA,CORACHA,7,7,Pre-2025,660
Coral Gall Crab,True Crabs,Crustaceans,Cryptochiridae,Animalia,Arthropoda,Malacostraca,,Decapoda,TRUECRA,CORAGAL,7,7,Pre-2025,659
Corrugated Liomera,True Crabs,Crustaceans,Xanthidae,Animalia,Arthropoda,Malacostraca,,Decapoda,TRUECRA,CORRLIO,7,7,Pre-2025,634
Flat Elbow Crab,True Crabs,Crustaceans,Parthenopidae,Animalia,Arthropoda,Malacostraca,,Decapoda,TRUECRA,FLATELB,7,7,Pre-2025,614
Flat Rock Crab,True Crabs,Crustaceans,Xanthidae,Animalia,Arthropoda,Malacostraca,,Decapoda,TRUECRA,FLATROC,7,7,Pre-2025,654
Giant Elbow Crab,True Crabs,Crustaceans,Parthenopidae,Animalia,Arthropoda,Malacostraca,,Decapoda,TRUECRA,GIANELB,7,7,Pre-2025,616
Hairy Elbow Crab,True Crabs,Crustaceans,Parthenopidae,Animalia,Arthropoda,Malacostraca,,Decapoda,TRUECRA,HAIRELB,7,7,Pre-2025,618
Hairy Swimming Crab,True Crabs,Crustaceans,Portunidae,Animalia,Arthropoda,Malacostraca,,Decapoda,TRUECRA,HAIRSWI,7,7,Pre-2025,625
Hawaiian Blood-Spotted Swimming Crab,True Crabs,Crustaceans,Portunidae,Animalia,Arthropoda,Malacostraca,,Decapoda,TRUECRA,HAWABLO,7,7,Pre-2025,626
Hawaiian Pom-Pom Crab,True Crabs,Crustaceans,Dynomenidae,Animalia,Arthropoda,Malacostraca,,Decapoda,TRUECRA,HAWAPOM,7,7,Pre-2025,637
Hawaiian Swimming Crab,True Crabs,Crustaceans,Portunidae,Animalia,Arthropoda,Malacostraca,,Decapoda,TRUECRA,HAWASWI,7,7,Pre-2025,622
Hilo Collector Crab,True Crabs,Crustaceans,Trapeziidae,Animalia,Arthropoda,Malacostraca,,Decapoda,TRUECRA,HILOCOL,7,7,Pre-2025,612
King Kong Elbow Crab,True Crabs,Crustaceans,Parthenopidae,Animalia,Arthropoda,Malacostraca,,Decapoda,TRUECRA,KINGKON,7,7,Pre-2025,615
Knotted Liomera,True Crabs,Crustaceans,Xanthidae,Animalia,Arthropoda,Malacostraca,,Decapoda,TRUECRA,KNOTLIO,7,7,Pre-2025,635
Kona Crab,True Crabs,Crustaceans,Raninidae,Animalia,Arthropoda,Malacostraca,,Decapoda,TRUECRA,KONACRA,7,7,Pre-2025,606
Long-Eyed Swimming Crab,True Crabs,Crustaceans,Portunidae,Animalia,Arthropoda,Malacostraca,,Decapoda,TRUECRA,LONGEYE,7,7,Pre-2025,624
Lumpy Box Crab,True Crabs,Crustaceans,Calappidae,Animalia,Arthropoda,Malacostraca,,Decapoda,TRUECRA,LUMPBOX,7,7,Pre-2025,608
Nippon Swimming Crab,True Crabs,Crustaceans,Portunidae,Animalia,Arthropoda,Malacostraca,,Decapoda,TRUECRA,NIPPSWI,7,7,Pre-2025,627
Pallid Ghost Crab,True Crabs,Crustaceans,Ocypodidae,Animalia,Arthropoda,Malacostraca,,Decapoda,TRUECRA,PALLGHO,7,7,Pre-2025,658
Pleated Rock Crab,True Crabs,Crustaceans,Xanthidae,Animalia,Arthropoda,Malacostraca,,Decapoda,TRUECRA,PLEAROC,7,7,Pre-2025,652
Pretty Liomera,True Crabs,Crustaceans,Xanthidae,Animalia,Arthropoda,Malacostraca,,Decapoda,TRUECRA,PRETLIO,7,7,Pre-2025,632
Rainbow Swimming Crab,True Crabs,Crustaceans,Portunidae,Animalia,Arthropoda,Malacostraca,,Decapoda,TRUECRA,RAINSWI,7,7,Pre-2025,620
Red Liomera,True Crabs,Crustaceans,Xanthidae,Animalia,Arthropoda,Malacostraca,,Decapoda,TRUECRA,REDLIOX,7,7,Pre-2025,633
Red Swimming Crab,True Crabs,Crustaceans,Portunidae,Animalia,Arthropoda,Malacostraca,,Decapoda,TRUECRA,REDSWIX,7,7,Pre-2025,621
Red-Eyed Xanthid Crab,True Crabs,Crustaceans,Xanthidae,Animalia,Arthropoda,Malacostraca,,Decapoda,TRUECRA,REDEYEX,7,7,Pre-2025,641
Red-Spotted Guard Crab,True Crabs,Crustaceans,Portunidae,Animalia,Arthropoda,Malacostraca,,Decapoda,TRUECRA,REDSPOX,7,7,Pre-2025,649
Rusty Guard Crab,True Crabs,Crustaceans,Portunidae,Animalia,Arthropoda,Malacostraca,,Decapoda,TRUECRA,RUSTGUA,7,7,Pre-2025,646
Scaly Rock Crab,True Crabs,Crustaceans,Xanthidae,Animalia,Arthropoda,Malacostraca,,Decapoda,TRUECRA,SCALROC,7,7,Pre-2025,656
Sea Cucumber Crab,True Crabs,Crustaceans,Majidae,Animalia,Arthropoda,Malacostraca,,Decapoda,TRUECRA,SEACUCX,7,7,Pre-2025,623
Sea Urchin Crab,True Crabs,Crustaceans,Dorippidae,Animalia,Arthropoda,Malacostraca,,Decapoda,TRUECRA,SEAURCX,7,7,Pre-2025,613
Seven-Eleven Crab,True Crabs,Crustaceans,Carpiliidae,Animalia,Arthropoda,Malacostraca,,Decapoda,TRUECRA,SEVEELE,7,7,Pre-2025,628
Shaggy Sponge Crab,True Crabs,Crustaceans,Dromiidae,Animalia,Arthropoda,Malacostraca,,Decapoda,TRUECRA,SHAGSPO,7,7,Pre-2025,605
Showy Xanthid Crab,True Crabs,Crustaceans,Xanthidae,Animalia,Arthropoda,Malacostraca,,Decapoda,TRUECRA,SHOWXAN,7,7,Pre-2025,643
Simple Collector Crab,True Crabs,Crustaceans,Trapeziidae,Animalia,Arthropoda,Malacostraca,,Decapoda,TRUECRA,SIMPCOL,7,7,Pre-2025,611
Sleepy Sponge Crab,True Crabs,Crustaceans,Dromiidae,Animalia,Arthropoda,Malacostraca,,Decapoda,TRUECRA,SLEESPO,7,7,Pre-2025,604
Smooth Box Crab,True Crabs,Crustaceans,Calappidae,Animalia,Arthropoda,Malacostraca,,Decapoda,TRUECRA,SMOOBOX,7,7,Pre-2025,607
Splendid Pebble Crab,True Crabs,Crustaceans,Leucosiidae,Animalia,Arthropoda,Malacostraca,,Decapoda,TRUECRA,SPLEPEB,7,7,Pre-2025,630
Square-Shelled Rock Crab,True Crabs,Crustaceans,Xanthidae,Animalia,Arthropoda,Malacostraca,,Decapoda,TRUECRA,SQUASHE,7,7,Pre-2025,651
Strawberry Crab,True Crabs,Crustaceans,Pilumnidae,Animalia,Arthropoda,Malacostraca,,Decapoda,TRUECRA,STRACRA,7,7,Pre-2025,638
Teddy-Bear Crab,True Crabs,Crustaceans,Dynomenidae,Animalia,Arthropoda,Malacostraca,,Decapoda,TRUECRA,TEDDBEA,7,7,Pre-2025,642
Thin-Shelled Rock Crab,True Crabs,Crustaceans,Xanthidae,Animalia,Arthropoda,Malacostraca,,Decapoda,TRUECRA,THINSHE,7,7,Pre-2025,650
Thorny Elbow Crab,True Crabs,Crustaceans,Parthenopidae,Animalia,Arthropoda,Malacostraca,,Decapoda,TRUECRA,THORELB,7,7,Pre-2025,617
Tidepool Pebble Crab,True Crabs,Crustaceans,Leucosiidae,Animalia,Arthropoda,Malacostraca,,Decapoda,TRUECRA,TIDEPEB,7,7,Pre-2025,631
Tidepool Rock Crab,True Crabs,Crustaceans,Xanthidae,Animalia,Arthropoda,Malacostraca,,Decapoda,TRUECRA,TIDEROC,7,7,Pre-2025,653
Violet-Eyed Swimming Crab,True Crabs,Crustaceans,Portunidae,Animalia,Arthropoda,Malacostraca,,Decapoda,TRUECRA,VIOLEYE,7,7,Pre-2025,619
Warty Xanthid Crab,True Crabs,Crustaceans,Xanthidae,Animalia,Arthropoda,Malacostraca,,Decapoda,TRUECRA,WARTXAN,7,7,Pre-2025,640
Wingless Box Crab,True Crabs,Crustaceans,Calappidae,Animalia,Arthropoda,Malacostraca,,Decapoda,TRUECRA,WINGBOX,7,7,Pre-2025,610
Yellow-Spotted Guard Crab,True Crabs,Crustaceans,Portunidae,Animalia,Arthropoda,Malacostraca,,Decapoda,TRUECRA,YELLSPO,7,7,Pre-2025,647
,True Crabs,Crustaceans,,Animalia,Arthropoda,Malacostraca,,Decapoda,TRUECRA,,,,Post-2025,
Pacific Trumpetfish,Trumpetfishes,Fish,,Animalia,Chordata,,,,TRUMPTS,PACTRMP,7,7,Pre-2025,186
Trumpetfish,Trumpetfishes,Fish,,,,,,,TRUMPTS,TRUMPTS,7,7,Post-2025,
,Trumpetfishes,Fish,"Aulostomidae, Fistulariidae",Animalia,Chordata,,,,TRUMPTS,,0,7,Post-2025,
Day Tube Anemone ,Tube Anemones,Cnidarians,,Animalia,Cnidaria,Anthozoa,Hexacorallia,Ceriantharia,TUBEANE,DAYTUBX,7,7,Pre-2025,272
Ghost Tube Anemone ,Tube Anemones,Cnidarians,,Animalia,Cnidaria,Anthozoa,Hexacorallia,Ceriantharia,ACONTIF,GHOSTAN,7,7,Pre-2025,271
Night Tube Anemone ,Tube Anemones,Cnidarians,,Animalia,Cnidaria,Anthozoa,Hexacorallia,Ceriantharia,TUBEANE,NIGHTUB,7,7,Pre-2025,270
,Tube Anemones,Cnidarians,,,,,,,TUBEANE,,0,7,Post-2025,
Black Sea Squirt,Tunicates,Squirts,Pyuridae,Animalia,Chordata,,,,TUNICAT,BLACSEA,7,7,Pre-2025,719
Chained Salps,Tunicates,,Salpidae,Animalia,Chordata,,,,TUNICAT,CHAISAL,7,7,Pre-2025,721
Cratered Aplidium,Tunicates,,Polyclinidae,Animalia,Chordata,,,,TUNICAT,CRATAPL,7,7,Pre-2025,711
Gold Ring Aplidium ,Tunicates,,,Animalia,Chordata,,,,TUNICAT,GOLDRIN,7,7,Pre-2025,712
Gray Tunicate,Tunicates,,Holozoidae,Animalia,Chordata,,,,TUNICAT,GRAYTUN,7,7,Pre-2025,714
Herdman's Sea Squirt,Tunicates,Squirts,Pyuridae,Animalia,Chordata,,,,TUNICAT,HERDSEA,7,7,Pre-2025,718
Ivory Tunicate,Tunicates,,Didemnidae,Animalia,Chordata,,,,TUNICAT,IVORTUN,7,7,Pre-2025,713
Ladder Tunicates,Tunicates,,Didemnidae,Animalia,Chordata,,,,TUNICAT,LADDTUN,7,7,Pre-2025,717
Orange-Red Didemnd,Tunicates,,Didemnidae,Animalia,Chordata,,,,TUNICAT,ORANRED,7,7,Pre-2025,715
Prickly Pyrosome ,Tunicates,,,Animalia,Chordata,,,,TUNICAT,PRICPYR,7,7,Pre-2025,722
White Didemnd,Tunicates,,Didemnidae,Animalia,Chordata,,,,TUNICAT,WHITDID,7,7,Pre-2025,716
Yellow-Green Sea Squirt,Tunicates,Squirts,Didemnidae,Animalia,Chordata,,,,TUNICAT,YELLGRE,7,7,Pre-2025,720
,Tunicates,,,,,,,,TUNICAT,,0,7,Post-2025,
Common Wire Coral,Wire Corals,Cnidarians,Antipathidae,Animalia,Cnidaria,Anthozoa,Hexacorallia,Antipatharia,WIRECOR,COMMWIR,7,7,Pre-2025,275
Red Wire Coral,Wire Corals,Cnidarians,Antipathidae,Animalia,Cnidaria,Anthozoa,Hexacorallia,Antipatharia,WIRECOR,REDWIRX,7,7,Pre-2025,276
,Wire Corals,Cnidarians,,,,,,,WIRECOR,,0,7,Post-2025,
Belted Wrasse,Wrasses,Fish,Labridae,Animalia,Chordata,,,,WRASSES,BELTWRS,7,7,Pre-2025,187
Bird Wrasse,Wrasses,Fish,Labridae,Animalia,Chordata,,,,WRASSES,BIRDWRS,7,7,Pre-2025,188
Blackstripe Coris,Wrasses,Fish,Labridae,Animalia,Chordata,,,,WRASSES,BLCKCOR,7,7,Pre-2025,204
Bronzespot Razor Wrasse,Wrasses,Fish,Labridae,Animalia,Chordata,,,,WRASSES,BRNZWRS,7,7,Pre-2025,189
Christmas Wrasse,Wrasses,Fish,Labridae,Animalia,Chordata,,,,WRASSES,XMASWRS,7,7,Pre-2025,190
Cigar Wrasse,Wrasses,Fish,Labridae,Animalia,Chordata,,,,WRASSES,CIGRWRS,7,7,Pre-2025,191
Elegant Coris,Wrasses,Fish,Labridae,Animalia,Chordata,,,,WRASSES,ELEGCOR,7,7,Pre-2025,192
Fivestripe Wrasse,Wrasses,Fish,Labridae,Animalia,Chordata,,,,WRASSES,FIVEWRS,7,7,Pre-2025,193
Hawaiian Cleaner Wrasse,Wrasses,Fish,Labridae,Animalia,Chordata,,,,WRASSES,CLENWRS,7,7,Pre-2025,194
Hawaiian Knifefish,Wrasses,Fish,Labridae,Animalia,Chordata,,,,WRASSES,HAKNIFE,7,7,Pre-2025,195
Old Woman Wrasse,Wrasses,Fish,Labridae,Animalia,Chordata,,,,WRASSES,OWMMWRS,7,7,Pre-2025,196
Ornate Coris,Wrasses,Fish,Labridae,Animalia,Chordata,,,,WRASSES,ORNTCOR,7,7,Pre-2025,197
Pearl Wrasse,Wrasses,Fish,Labridae,Animalia,Chordata,,,,WRASSES,PERLWRS,7,7,Pre-2025,198
Psychedelic Wrasse,Wrasses,Fish,Labridae,Animalia,Chordata,,,,WRASSES,PSYCWRS,7,7,Pre-2025,199
Rockmover Wrasse,Wrasses,Fish,Labridae,Animalia,Chordata,,,,WRASSES,RCKMWRS,7,7,Pre-2025,200
Saddle Wrasse,Wrasses,Fish,Labridae,Animalia,Chordata,,,,WRASSES,SDLEWRS,7,7,Pre-2025,201
Surge Wrasse,Wrasses,Fish,Labridae,Animalia,Chordata,,,,WRASSES,SRGEWRS,7,7,Pre-2025,202
Yellowtail Coris,Wrasses,Fish,Labridae,Animalia,Chordata,,,,WRASSES,YELWCOR,7,7,Pre-2025,203
,Wrasses,Fish,Labridae,Animalia,Chordata,,,,WRASSES,,0,7,Post-2025,
Blue-Gray Zoanthid,Zoanthids,Cnidarians,Zoanthidae,Animalia,Cnidaria,Anthozoa,Hexacorallia,Zoanthinaria,ZOANTHI,BLUEGRA,7,7,Pre-2025,269
,Zoanthids,Cnidarians,,Animalia,Cnidaria,Anthozoa,Hexacorallia,Zoanthinaria,ZOANTHI,,,,Post-2025,